,status,month,credit_history,purpose,credit_amount,savings,employment,investment_as_income_percentage,personal_status,other_debtors,residence_since,property,age,installment_plans,housing,number_of_credits,skill_level,people_liable_for,telephone,foreign_worker,credit
0,0,6,4,4,1169,4,4,4,2,0,4,0,0,2,1,2,2,1,1,0,0
1,1,48,2,4,5951,0,2,2,1,0,2,0,1,2,1,1,2,1,0,0,1
2,3,12,4,7,2096,0,3,2,2,0,3,0,0,2,1,1,1,2,0,0,0
3,0,42,2,3,7882,0,3,2,2,2,4,1,0,2,2,1,2,2,0,0,0
4,0,24,3,0,4870,0,2,3,2,0,4,3,0,2,2,2,2,2,0,0,1
5,3,36,2,7,9055,4,2,2,2,0,4,3,0,2,2,1,1,2,1,0,0
6,3,24,2,3,2835,2,4,3,2,0,4,1,0,2,1,1,2,1,0,0,0
7,1,36,2,1,6948,0,2,2,2,0,2,2,0,2,0,1,3,1,1,0,0
8,3,12,2,4,3059,3,3,2,0,0,4,0,0,2,1,1,1,1,0,0,0
9,1,30,4,0,5234,0,0,4,3,0,2,2,0,2,1,2,3,1,0,0,1
10,1,12,2,0,1295,0,1,3,1,0,1,2,1,2,0,1,2,1,0,0,1
11,0,48,2,9,4308,0,1,3,1,0,4,1,1,2,0,1,2,1,0,0,1
12,1,12,2,4,1567,0,2,1,1,0,1,2,1,2,1,1,2,1,1,0,0
13,0,24,4,0,1199,0,4,4,2,0,4,2,0,2,1,2,1,1,0,0,1
14,0,15,2,0,1403,0,2,2,1,0,4,2,0,2,0,1,2,1,0,0,0
15,0,24,2,4,1282,1,2,4,1,0,2,2,0,2,1,1,1,1,0,0,1
16,3,24,4,4,2424,4,4,4,2,0,4,1,0,2,1,2,2,1,0,0,0
17,0,30,0,9,8072,4,1,2,2,0,3,2,1,0,1,3,2,1,0,0,0
18,1,24,2,1,12579,0,4,4,1,0,2,3,0,2,2,1,3,1,1,0,1
19,3,24,2,4,3430,2,4,3,2,0,2,2,0,2,1,1,2,2,1,0,0
20,3,9,4,0,2134,0,2,4,2,0,4,2,0,2,1,3,2,1,1,0,0
21,0,6,2,4,2647,2,2,2,2,0,3,0,0,2,0,1,2,2,0,0,0
22,0,10,4,0,2241,0,1,1,2,0,3,0,0,2,0,2,1,2,0,1,0
23,1,12,4,1,1804,1,1,3,2,0,4,1,0,2,1,1,2,1,0,0,0
24,3,10,4,3,2069,4,2,2,3,0,1,2,0,2,1,2,2,1,0,1,0
25,0,6,2,3,1374,0,2,1,2,0,2,0,0,0,1,1,1,1,1,0,0
26,3,6,0,4,426,0,4,4,3,0,4,2,0,2,1,1,1,1,0,0,0
27,2,12,1,4,409,3,2,3,1,0,3,0,0,2,0,2,2,1,0,0,0
28,1,7,2,4,2415,0,2,3,2,2,2,0,0,2,1,1,2,1,0,0,0
29,0,60,3,9,6836,0,4,3,2,0,4,3,0,2,1,2,2,1,1,0,1
30,1,18,2,9,1913,3,1,3,3,0,3,0,0,0,1,1,2,1,1,0,0
31,0,24,2,3,4020,0,2,2,2,0,2,2,0,1,1,1,2,1,0,0,0
32,1,18,2,0,5866,1,2,2,2,0,2,2,0,2,1,2,2,1,1,0,0
33,3,12,4,9,1264,4,4,4,2,0,4,3,0,2,0,1,1,1,0,0,0
34,2,12,2,3,1474,0,1,4,1,0,1,1,0,0,1,1,3,1,1,0,0
35,1,45,4,4,4746,0,1,4,2,0,2,1,1,2,1,2,1,1,0,0,1
36,3,48,4,7,6110,0,2,1,2,0,3,3,0,0,2,1,2,1,1,0,0
37,2,18,2,4,2100,0,2,4,2,1,2,0,0,1,1,1,2,1,0,0,1
38,2,10,2,5,1225,0,2,2,2,0,2,2,0,2,1,1,2,1,1,0,0
39,1,9,2,4,458,0,2,4,2,0,3,0,1,2,1,1,2,1,0,0,0
40,3,30,2,4,2333,2,4,4,2,0,2,2,0,0,1,1,3,1,0,0,0
41,1,12,2,4,1158,2,2,3,0,0,1,2,0,2,1,1,2,1,1,0,0
42,1,18,3,6,6204,0,2,2,2,0,4,0,0,2,1,1,1,2,1,0,0
43,0,30,4,1,6187,1,3,1,3,0,4,2,1,2,0,2,2,1,0,0,0
44,0,48,4,1,6143,0,4,4,1,0,4,3,0,1,2,2,1,1,0,0,1
45,3,11,4,0,1393,0,1,4,1,0,4,2,0,2,1,2,3,1,0,0,0
46,3,36,2,4,2299,2,4,4,2,0,4,2,0,2,1,1,2,1,0,0,0
47,0,6,2,1,1352,2,0,1,1,0,2,1,1,2,0,1,0,1,1,0,0
48,3,11,4,0,7228,0,2,1,2,0,4,1,0,2,1,2,1,1,0,0,0
49,3,12,2,4,2073,1,2,4,1,1,2,0,0,2,1,1,2,1,0,0,0
50,1,24,3,3,2333,4,1,4,2,0,2,1,0,0,1,1,1,1,0,0,0
51,1,27,3,1,5965,0,4,1,2,0,2,2,0,2,1,2,3,1,1,0,0
52,3,12,2,4,1262,0,2,3,2,0,2,2,1,2,1,1,2,1,0,0,0
53,3,18,2,1,3378,4,2,2,2,0,1,1,0,2,1,1,2,1,1,0,0
54,1,36,3,0,2225,0,4,4,2,0,4,3,0,0,2,2,2,1,1,0,1
55,3,6,1,0,783,4,2,1,2,2,2,0,0,1,1,1,1,2,0,0,0
56,1,12,2,4,6468,4,0,2,2,0,1,3,0,2,1,1,3,1,1,0,1
57,3,36,4,4,9566,0,2,2,1,0,2,2,0,1,1,2,2,1,0,0,0
58,2,18,2,0,1961,0,4,3,1,0,2,2,1,2,1,1,3,1,0,0,0
59,0,36,4,3,6229,0,1,4,1,1,4,3,1,2,0,2,1,1,1,0,1
60,1,9,2,9,1391,0,2,2,3,0,1,0,0,0,1,1,2,1,1,0,0
61,1,15,4,4,1537,4,4,4,2,2,4,0,0,2,1,2,2,1,1,0,0
62,1,36,0,9,1953,0,4,4,2,0,4,3,0,2,2,1,3,1,1,0,1
63,1,48,0,9,14421,0,2,2,2,0,2,2,1,2,1,1,2,1,1,0,1
64,3,24,2,4,3181,0,1,4,1,0,4,1,0,2,1,1,2,1,1,0,0
65,3,27,2,6,5190,4,4,4,2,0,4,1,0,2,1,4,2,2,1,0,0
66,3,12,2,4,2171,0,1,2,1,0,2,2,0,0,1,1,2,1,0,0,0
67,1,12,2,0,1007,3,2,4,3,0,1,0,1,2,1,1,2,1,0,0,0
68,3,36,2,7,1819,0,2,4,2,0,4,3,0,1,2,1,2,1,1,0,1
69,3,36,2,4,2394,4,2,4,1,0,4,2,1,2,1,1,2,1,0,0,0
70,3,36,2,1,8133,0,2,1,1,0,2,1,0,0,1,1,2,1,0,0,0
71,3,7,4,4,730,4,4,4,2,0,2,1,0,2,0,2,1,1,1,0,0
72,0,8,4,2,1164,0,4,3,2,0,4,3,0,0,2,2,3,2,1,0,0
73,1,42,4,9,5954,0,3,2,1,0,1,0,0,0,1,2,1,1,0,0,0
74,0,36,2,7,1977,4,4,4,2,0,4,3,0,2,1,1,3,1,1,0,1
75,0,12,4,1,1526,0,4,4,2,0,4,3,0,2,2,2,3,1,0,0,0
76,0,42,2,4,3965,0,1,4,2,0,3,2,0,2,1,1,2,1,0,0,1
77,1,11,3,4,4771,0,3,2,2,0,4,1,0,2,1,1,2,1,0,0,0
78,3,54,0,1,9436,4,2,2,2,0,2,1,0,2,1,1,1,2,0,0,0
79,1,30,2,3,3832,0,1,2,3,0,1,1,1,2,1,1,2,1,0,0,0
80,3,24,2,4,5943,4,1,1,1,0,1,2,0,2,1,2,2,1,1,0,1
81,3,15,2,4,1213,2,4,4,2,0,3,1,0,1,1,1,2,1,1,0,0
82,3,18,2,9,1568,1,2,3,1,0,4,1,1,2,0,1,1,1,0,0,0
83,0,24,2,2,1755,0,4,4,1,2,4,0,0,2,1,1,1,1,1,0,0
84,0,10,2,4,2315,0,4,3,2,0,4,0,0,2,1,1,1,1,0,0,0
85,3,12,4,9,1412,0,2,4,1,2,2,0,0,2,1,2,3,1,1,0,0
86,1,18,4,3,1295,0,1,4,1,0,1,1,0,2,1,2,2,1,0,0,0
87,1,36,2,7,12612,1,2,1,2,0,4,3,0,2,2,1,2,2,1,0,1
88,0,18,2,0,2249,1,3,4,2,0,3,2,0,2,1,1,3,2,1,0,0
89,0,12,0,6,1108,0,3,4,2,0,3,0,0,2,1,2,2,1,0,0,1
90,3,12,4,4,618,0,4,4,2,0,4,0,0,2,1,1,2,1,0,0,0
91,0,12,4,1,1409,0,4,4,2,0,3,0,0,2,1,1,2,1,0,0,0
92,3,12,4,4,797,4,4,4,1,0,3,1,0,0,1,1,1,2,0,0,1
93,2,24,4,3,3617,4,4,4,2,1,4,3,1,2,0,2,2,1,0,0,0
94,1,12,2,0,1318,3,4,4,2,0,4,0,0,2,1,1,2,1,1,0,0
95,1,54,0,9,15945,0,1,3,2,0,4,3,0,2,0,1,2,1,1,0,1
96,3,12,4,7,2012,4,3,4,1,0,2,2,0,2,1,1,2,1,0,0,0
97,1,18,2,9,2622,1,2,4,2,0,4,2,0,2,1,1,2,1,0,0,0
98,1,36,4,4,2337,0,4,4,2,0,4,0,0,2,1,1,2,1,0,0,0
99,1,20,3,1,7057,4,3,3,2,0,4,1,0,0,0,2,3,2,1,0,0
100,3,24,2,0,1469,1,4,4,3,0,4,0,0,2,0,1,1,1,0,0,0
101,1,36,2,4,2323,0,3,4,2,0,4,2,1,2,0,1,2,1,0,0,0
102,3,6,3,4,932,0,2,3,1,0,2,0,1,2,1,1,2,1,0,0,0
103,1,9,4,3,1919,0,3,4,2,0,3,2,0,2,0,1,2,1,1,0,0
104,3,12,2,1,2445,4,1,2,3,0,4,2,0,2,0,1,2,1,1,0,0
105,1,24,4,2,11938,0,2,2,2,1,3,2,0,2,1,2,3,2,1,0,1
106,3,18,1,0,6458,0,4,2,2,0,4,3,0,0,1,2,3,2,1,0,1
107,1,12,2,0,6078,0,3,2,2,0,2,2,0,2,1,1,2,1,0,0,0
108,0,24,2,3,7721,4,1,1,1,0,2,1,0,2,1,1,2,1,1,1,0
109,1,14,2,9,1410,2,4,1,3,0,2,0,0,2,1,1,2,1,1,0,0
110,1,6,3,9,1449,1,4,1,0,0,2,2,0,0,1,2,2,2,0,0,0
111,2,15,2,7,392,0,1,4,1,0,4,1,1,2,0,1,2,1,1,0,0
112,1,18,2,0,6260,0,3,3,2,0,3,0,0,2,0,1,1,1,0,0,0
113,3,36,4,0,7855,0,2,4,1,0,2,0,1,1,1,2,2,1,1,0,1
114,0,12,2,4,1680,2,4,3,3,0,1,0,0,2,1,1,2,1,0,0,0
115,3,48,4,4,3578,4,4,4,2,0,1,0,0,2,1,1,2,1,1,0,0
116,0,42,2,4,7174,4,3,4,1,0,3,2,0,2,1,1,3,1,1,0,1
117,0,10,4,3,2132,4,1,2,1,1,3,0,0,2,0,2,2,1,0,1,0
118,0,33,4,3,4281,2,2,1,1,0,4,2,1,2,1,2,2,1,0,0,1
119,1,12,4,0,2366,2,3,3,0,0,3,2,0,2,1,1,3,1,1,0,0
120,0,21,2,4,1835,0,2,3,1,0,2,0,1,2,1,2,2,1,1,0,1
121,3,24,4,1,3868,0,4,4,1,0,2,2,0,2,0,2,3,1,1,0,0
122,3,12,2,3,1768,0,2,3,2,0,2,0,1,2,0,1,1,1,0,0,0
123,2,10,4,0,781,0,4,4,2,0,4,3,0,2,2,2,2,1,1,0,0
124,1,18,2,3,1924,4,1,4,1,0,3,0,0,2,0,1,2,1,0,0,1
125,0,12,4,0,2121,0,2,4,2,0,2,1,0,2,1,2,2,1,0,0,0
126,0,12,2,4,701,0,2,4,3,0,2,0,0,2,1,1,1,1,0,0,0
127,1,12,2,6,639,0,2,4,2,0,2,2,0,2,1,1,2,1,0,0,1
128,1,12,4,1,1860,0,0,4,2,0,2,2,0,2,1,2,3,1,1,0,0
129,0,12,4,0,3499,0,2,3,1,1,2,0,0,2,1,2,2,1,0,0,1
130,1,48,2,0,8487,4,3,1,1,0,2,2,1,2,1,1,2,1,0,0,0
131,0,36,3,7,6887,0,2,4,2,0,3,1,0,1,1,1,2,1,1,0,1
132,3,15,2,3,2708,0,1,2,2,0,3,1,0,0,1,2,1,1,0,0,0
133,3,18,2,3,1984,0,2,4,2,0,4,3,0,0,2,2,2,1,0,0,0
134,3,60,2,4,10144,1,3,2,1,0,4,0,1,2,1,1,2,1,1,0,0
135,3,12,4,4,1240,4,4,4,1,0,2,0,0,2,1,2,2,1,1,0,0
136,3,27,3,1,8613,3,2,2,2,0,2,2,0,2,1,2,2,1,0,0,0
137,1,12,2,4,766,2,2,4,2,0,3,0,0,2,1,1,1,1,0,0,1
138,1,15,4,4,2728,4,3,4,2,2,2,0,0,0,1,3,2,1,1,0,0
139,2,12,2,4,1881,0,2,2,1,0,2,2,0,2,0,1,1,1,1,0,0
140,2,6,2,0,709,3,1,2,3,0,2,0,0,2,1,1,0,1,0,1,0
141,1,36,2,4,4795,0,1,4,1,0,1,3,0,2,1,1,3,1,1,0,0
142,0,27,2,4,3416,0,2,3,2,0,2,2,0,2,1,1,3,1,0,0,0
143,0,18,2,3,2462,0,2,2,2,0,2,2,1,2,1,1,2,1,0,0,1
144,3,21,4,3,2288,0,1,4,1,0,4,1,1,2,1,1,2,1,1,0,0
145,1,48,1,9,3566,1,3,4,2,0,2,2,0,2,1,1,2,1,0,0,0
146,0,6,4,0,860,0,4,1,1,0,4,3,0,2,1,2,2,1,1,0,0
147,3,12,4,0,682,1,3,4,1,0,3,2,0,2,1,2,2,1,1,0,0
148,0,36,4,3,5371,0,2,3,2,2,2,1,0,2,1,2,2,1,0,0,0
149,3,18,4,4,1582,3,4,4,2,0,4,2,0,2,1,2,2,1,0,0,0
150,3,6,2,4,1346,1,4,2,2,0,4,3,0,0,2,1,2,2,1,0,0
151,3,10,2,4,1924,0,2,1,2,0,4,1,0,2,1,1,2,1,1,1,0
152,2,36,2,4,5848,0,2,4,2,0,1,2,1,2,1,1,2,1,0,0,0
153,1,24,4,1,7758,3,4,2,1,0,4,3,0,2,0,1,2,1,0,0,0
154,1,24,3,9,6967,1,3,4,2,0,4,2,0,2,0,1,3,1,1,0,0
155,0,12,2,3,1282,0,2,2,1,0,4,2,1,2,0,1,2,1,0,0,1
156,0,9,4,6,1288,1,4,3,2,2,4,0,0,2,1,2,2,2,0,1,0
157,0,12,1,8,339,0,4,4,3,0,1,2,0,0,1,1,1,1,0,0,0
158,1,24,2,0,3512,1,3,2,2,0,3,2,0,0,1,2,2,1,1,0,0
159,3,6,4,4,1898,4,2,1,2,0,2,0,0,2,1,2,1,2,0,0,0
160,3,24,4,4,2872,1,4,3,2,0,4,0,0,2,1,1,2,2,1,0,0
161,3,18,4,0,1055,0,1,4,1,0,1,1,0,2,1,2,2,1,0,0,0
162,3,15,2,5,1262,2,3,4,2,0,3,1,0,2,1,2,2,1,1,0,0
163,1,10,2,0,7308,0,0,2,2,0,4,3,0,0,2,1,3,1,1,0,0
164,3,36,2,0,909,2,4,4,2,0,4,1,0,2,1,1,2,1,0,0,0
165,3,6,2,3,2978,2,2,1,2,0,2,2,0,2,1,1,2,1,1,0,0
166,0,18,2,3,1131,0,0,4,1,0,2,2,0,2,1,1,2,1,0,0,1
167,1,11,2,3,1577,3,1,4,1,0,1,0,1,2,1,1,2,1,0,0,0
168,3,24,2,3,3972,0,3,2,1,0,4,1,1,2,0,1,2,1,1,0,0
169,1,24,4,9,1935,0,4,4,0,0,4,0,0,2,1,2,2,1,1,0,1
170,0,15,0,0,950,0,4,4,2,0,3,2,0,2,0,2,2,2,0,0,1
171,3,12,2,3,763,0,2,4,1,0,1,0,0,2,1,1,2,1,1,0,0
172,1,24,3,3,2064,0,0,3,1,0,2,1,0,2,1,1,3,1,1,0,1
173,1,8,2,4,1414,0,2,4,2,2,2,0,0,2,1,1,2,1,0,1,0
174,0,21,3,7,3414,0,1,2,2,0,1,1,0,2,1,2,2,1,0,0,1
175,3,30,1,1,7485,4,0,4,1,0,1,0,0,0,1,1,3,1,1,0,1
176,0,12,2,3,2577,0,2,2,0,0,1,2,0,2,1,1,2,1,0,0,0
177,0,6,4,4,338,2,4,4,2,0,4,2,0,2,1,2,2,1,0,0,0
178,3,12,2,4,1963,0,3,4,2,0,2,2,0,2,0,2,3,2,1,0,0
179,0,21,4,0,571,0,4,4,2,0,4,0,0,2,1,2,2,1,0,0,0
180,3,36,3,9,9572,0,1,1,0,0,1,2,0,2,1,2,2,1,0,0,1
181,1,36,3,9,4455,0,2,2,0,0,2,0,0,1,1,2,3,1,1,0,1
182,0,21,1,0,1647,4,2,4,2,0,2,1,0,2,1,2,1,2,0,0,1
183,3,24,4,3,3777,3,2,4,2,0,4,0,0,2,1,1,2,1,1,0,0
184,1,18,4,0,884,0,4,4,2,0,4,2,0,0,1,1,2,2,1,0,1
185,3,15,4,4,1360,0,2,4,2,0,2,1,0,2,1,2,2,1,0,0,0
186,1,9,1,1,5129,0,4,2,1,0,4,3,0,0,2,1,3,2,1,0,1
187,1,16,4,0,1175,0,0,2,2,0,3,2,0,2,2,3,0,1,1,0,0
188,0,12,2,4,674,1,3,4,3,0,1,1,1,2,1,1,2,1,0,0,1
189,1,18,0,3,3244,0,2,1,1,0,4,2,0,0,1,2,2,1,1,0,0
190,3,24,2,9,4591,3,2,2,2,0,3,1,0,2,1,3,3,1,1,0,1
191,1,48,0,9,3844,1,3,4,2,0,4,3,0,2,2,1,1,2,0,0,1
192,1,27,2,9,3915,0,2,4,2,0,2,2,0,2,1,1,2,2,1,0,1
193,3,6,2,4,2108,0,3,2,3,0,2,0,0,2,0,1,2,1,0,0,0
194,1,45,2,4,3031,1,2,4,2,2,4,1,1,2,0,1,2,1,0,0,1
195,1,9,4,7,1501,0,4,2,1,0,3,2,0,2,1,2,3,1,1,0,1
196,3,6,4,4,1382,0,2,1,1,0,1,2,0,2,1,2,2,1,1,0,0
197,1,12,2,3,951,1,1,4,1,0,4,2,0,0,0,4,2,1,0,0,1
198,1,24,2,1,2760,4,4,4,2,0,4,3,0,0,2,1,2,1,1,0,0
199,1,18,3,3,4297,0,4,4,0,0,3,3,0,2,1,1,3,1,1,0,1
200,3,9,4,7,936,2,4,4,2,0,2,2,0,2,1,2,2,1,1,0,0
201,0,12,2,0,1168,0,2,4,3,0,3,0,0,2,1,1,1,1,0,0,0
202,3,27,3,9,5117,0,3,3,2,0,4,2,0,2,1,2,2,1,0,0,0
203,0,12,2,8,902,0,3,4,3,0,4,1,1,2,0,1,2,1,0,0,1
204,3,12,4,0,1495,0,4,4,2,0,1,0,0,2,1,2,1,2,0,0,0
205,0,30,4,1,10623,0,4,3,2,0,4,3,0,2,2,3,3,2,1,0,0
206,3,12,4,3,1935,0,4,4,2,0,4,0,0,2,1,3,2,1,1,0,0
207,1,12,4,5,1424,0,3,4,2,0,3,1,0,2,1,1,2,1,0,0,0
208,0,24,2,9,6568,0,2,2,3,0,2,2,1,1,1,1,1,1,0,0,0
209,3,12,2,1,1413,3,3,3,2,0,2,1,0,2,1,1,2,1,0,1,0
210,3,9,4,4,3074,4,2,1,2,0,2,0,0,2,1,2,2,2,0,0,0
211,3,36,2,4,3835,4,4,2,1,0,4,0,0,2,1,1,1,1,1,0,0
212,0,27,0,9,5293,0,0,2,2,0,4,1,0,1,1,2,2,1,1,0,1
213,2,30,3,9,1908,0,4,4,2,0,4,0,0,2,1,1,3,1,1,0,1
214,3,36,4,4,3342,4,4,4,2,0,2,2,0,2,1,1,2,1,1,0,0
215,1,6,4,8,932,4,3,1,1,0,3,1,0,2,1,2,1,1,0,0,0
216,0,18,0,9,3104,0,3,3,2,0,1,1,0,0,1,1,2,1,1,0,0
217,2,36,2,4,3913,0,2,2,2,0,2,0,1,2,1,1,2,1,1,0,0
218,0,24,2,3,3021,0,2,2,0,0,2,0,1,2,0,1,1,1,0,0,0
219,3,10,2,0,1364,0,2,2,1,0,4,2,0,2,1,1,2,1,1,0,0
220,1,12,2,4,625,0,1,4,3,2,1,0,0,0,1,1,1,1,0,0,0
221,0,12,2,7,1200,4,2,4,1,0,4,1,1,0,0,1,2,1,1,0,0
222,3,12,2,4,707,0,2,4,2,0,2,0,0,0,1,2,2,1,0,0,0
223,3,24,3,9,2978,4,2,4,2,0,4,0,0,2,1,2,2,2,1,0,0
224,3,15,2,1,4657,0,2,3,2,0,2,2,0,2,1,1,2,1,1,0,0
225,3,36,0,6,2613,0,2,4,2,0,2,2,0,2,1,2,2,1,0,0,0
226,1,48,2,4,10961,3,3,1,2,1,2,3,0,0,1,2,2,1,1,0,1
227,0,12,2,3,7865,0,4,4,2,0,4,3,0,2,2,1,3,1,1,0,1
228,3,9,2,4,1478,0,3,4,2,0,2,2,1,2,1,1,2,1,0,0,1
229,0,24,2,3,3149,0,1,4,2,0,1,3,1,0,2,1,2,1,0,0,0
230,2,36,2,4,4210,0,2,4,2,0,2,2,0,2,1,1,2,1,0,0,1
231,3,9,2,0,2507,2,4,2,2,0,4,3,0,2,2,1,1,1,0,0,0
232,3,12,2,4,2141,1,3,3,2,0,1,3,0,2,1,1,2,1,0,0,0
233,1,18,2,4,866,0,2,4,3,2,2,0,1,2,1,1,1,1,0,0,0
234,3,4,4,4,1544,0,3,2,2,0,1,0,0,2,1,3,1,2,0,0,0
235,0,24,2,4,1823,0,0,4,2,0,2,2,0,1,1,1,3,2,0,0,1
236,1,6,2,0,14555,4,0,1,2,0,2,1,1,2,1,1,0,1,1,0,1
237,1,21,2,9,2767,1,4,4,0,0,2,2,0,0,0,2,1,1,0,0,1
238,3,12,4,4,1291,0,2,4,1,0,2,1,0,2,1,2,2,1,0,0,0
239,0,30,2,4,2522,0,4,1,2,2,3,1,0,2,1,1,2,2,0,0,0
240,0,24,2,0,915,4,4,4,1,0,2,2,0,0,1,1,2,1,0,0,1
241,3,6,2,4,1595,0,3,3,2,0,2,1,0,2,1,1,2,2,0,0,0
242,0,48,0,1,4605,0,4,3,2,0,4,3,1,2,2,2,2,2,0,0,1
243,3,12,4,9,1185,0,2,3,1,0,2,0,0,2,1,2,2,1,0,0,0
244,3,12,1,8,3447,2,2,4,1,0,3,0,0,2,1,1,1,2,0,0,0
245,3,24,2,9,1258,0,3,4,2,0,1,0,1,2,1,1,2,1,1,0,0
246,3,12,4,4,717,0,4,4,2,0,4,0,0,2,1,3,2,1,0,0,0
247,3,6,0,0,1204,1,2,4,2,0,1,3,0,0,0,1,2,1,0,1,0
248,2,24,2,3,1925,0,2,2,2,0,2,0,0,2,1,1,2,1,0,0,0
249,3,18,2,4,433,0,0,3,1,1,4,0,1,2,0,1,2,1,0,0,1
250,0,6,4,0,666,3,3,3,1,0,4,0,0,2,1,2,1,1,1,0,0
251,2,12,2,3,2251,0,2,1,1,0,2,2,0,2,1,1,1,1,0,0,0
252,1,30,2,0,2150,0,2,4,1,2,2,3,1,0,1,1,2,1,0,0,1
253,3,24,3,3,4151,1,2,2,2,0,3,1,0,2,1,2,2,1,0,0,0
254,1,9,2,3,2030,4,3,2,2,0,1,2,1,2,1,1,2,1,1,0,0
255,1,60,3,4,7418,4,2,1,2,0,1,0,0,2,1,1,1,1,0,0,0
256,3,24,4,4,2684,0,2,4,2,0,2,0,0,2,1,2,1,1,0,0,0
257,0,12,1,4,2149,0,2,4,0,0,1,3,0,2,2,1,2,1,0,0,1
258,3,15,2,1,3812,1,1,1,1,0,4,2,1,2,1,1,2,1,1,0,0
259,3,11,4,4,1154,1,0,4,1,0,4,0,0,2,1,3,1,1,0,0,0
260,0,12,2,3,1657,0,2,2,2,0,2,0,0,2,1,1,2,1,0,0,0
261,0,24,2,4,1603,0,4,4,1,0,4,2,0,2,1,1,2,1,0,0,0
262,0,18,4,0,5302,0,4,2,2,0,4,3,0,2,2,3,3,1,1,0,0
263,3,12,4,7,2748,0,4,2,1,0,4,3,0,0,2,3,1,1,0,0,0
264,3,10,4,0,1231,0,4,3,2,0,4,0,0,2,1,2,1,2,0,1,0
265,1,15,2,4,802,0,4,4,2,0,3,2,0,2,1,1,2,2,0,0,1
266,3,36,4,9,6304,4,4,4,2,0,4,0,0,2,1,2,2,1,0,0,0
267,3,24,2,4,1533,0,1,4,1,0,3,2,0,1,1,1,2,1,1,0,0
268,0,14,2,0,8978,0,4,1,0,0,4,1,0,2,1,1,3,1,1,1,1
269,3,24,2,4,999,4,4,4,2,0,2,2,1,2,1,2,2,1,0,0,0
270,3,18,2,0,2662,4,3,4,2,0,3,1,0,2,1,1,2,1,0,1,0
271,3,12,4,3,1402,2,3,3,1,0,4,2,0,2,0,1,2,1,1,0,0
272,1,48,1,0,12169,4,0,4,2,1,4,3,0,2,2,1,3,1,1,0,0
273,1,48,2,4,3060,0,3,4,2,0,4,0,0,2,1,2,2,1,0,0,1
274,0,30,2,6,11998,0,1,1,0,0,1,3,0,2,1,1,1,1,1,0,1
275,3,9,2,4,2697,0,2,1,2,0,2,0,0,2,1,1,2,2,0,0,0
276,3,18,4,4,2404,0,2,2,1,0,2,2,0,2,1,2,2,1,0,0,0
277,0,12,2,3,1262,4,4,2,0,0,4,1,0,2,1,1,1,1,1,0,0
278,3,6,2,3,4611,0,1,1,1,0,4,1,0,2,1,1,2,1,0,0,1
279,3,24,2,4,1901,1,2,4,2,0,4,2,0,2,0,1,3,1,1,0,0
280,3,15,4,1,3368,3,4,3,2,0,4,3,1,2,0,2,2,1,1,0,0
281,3,12,2,3,1574,0,2,4,2,0,2,0,0,2,1,1,2,1,0,0,0
282,2,18,1,4,1445,4,3,4,2,0,4,2,0,0,1,1,1,1,0,0,0
283,3,15,4,3,1520,4,4,4,2,0,4,1,0,2,1,1,2,1,0,0,0
284,1,24,4,0,3878,1,1,4,0,0,2,2,0,2,1,1,2,1,1,0,0
285,0,47,2,0,10722,0,1,1,1,0,1,0,0,2,1,1,1,1,1,0,0
286,0,48,2,1,4788,0,3,4,2,0,3,1,0,2,1,1,2,2,0,0,0
287,1,48,3,2,7582,1,0,2,2,0,4,3,0,2,2,1,3,1,1,0,0
288,1,12,2,4,1092,0,2,4,1,2,4,0,0,2,1,2,2,1,1,0,0
289,0,24,3,4,1024,0,1,4,3,0,4,0,0,1,1,1,2,1,0,0,1
290,3,12,2,9,1076,0,2,2,3,0,2,0,0,2,1,1,2,1,1,1,0
291,1,36,2,1,9398,0,1,1,3,0,4,2,0,2,0,1,3,1,1,0,1
292,0,24,4,1,6419,0,4,2,1,0,4,3,0,2,2,2,3,2,1,0,0
293,2,42,4,1,4796,0,4,4,2,0,4,3,0,2,2,1,2,1,0,0,0
294,3,48,4,9,7629,4,4,4,0,0,2,2,0,0,1,2,3,2,0,0,0
295,1,48,2,3,9960,0,1,1,1,0,2,2,0,2,1,1,2,1,1,0,1
296,3,12,2,1,4675,4,1,1,1,0,4,2,1,2,0,1,2,1,0,0,0
297,3,10,2,0,1287,4,4,4,2,1,2,1,0,2,1,1,1,1,0,1,0
298,3,18,2,3,2515,0,2,3,2,0,4,0,0,2,1,1,2,1,1,0,0
299,1,21,4,3,2745,3,3,3,2,0,2,2,0,2,1,2,2,1,1,0,0
300,3,6,2,0,672,0,0,1,1,0,4,0,0,2,1,1,0,1,1,0,0
301,1,36,0,4,3804,0,2,4,1,0,1,2,0,2,1,1,2,1,1,0,1
302,2,24,4,0,1344,4,3,4,2,0,2,0,0,0,1,2,1,2,0,0,1
303,0,10,4,0,1038,0,3,4,2,1,3,1,0,2,1,2,2,1,1,0,0
304,3,48,4,0,10127,2,2,2,2,0,2,3,0,0,2,1,2,1,0,0,1
305,3,6,2,3,1543,3,2,4,0,0,2,0,0,2,1,1,2,1,0,0,0
306,3,30,2,1,4811,4,3,2,1,0,4,1,1,1,0,1,1,1,0,0,0
307,0,12,2,4,727,1,1,4,3,0,3,3,0,2,1,1,1,1,1,0,1
308,1,8,2,3,1237,0,2,3,1,0,4,0,1,2,1,1,2,1,0,0,1
309,1,9,2,0,276,0,2,4,3,0,4,0,1,2,0,1,1,1,0,0,0
310,1,48,2,2,5381,4,0,3,2,0,4,3,0,0,2,1,0,1,1,0,0
311,3,24,2,3,5511,1,2,4,2,0,1,2,1,1,1,1,2,1,0,0,0
312,2,24,2,3,3749,0,1,2,1,0,4,2,0,2,1,1,2,1,0,0,0
313,1,12,2,0,685,0,3,2,3,0,3,2,1,0,1,1,1,1,0,0,1
314,2,4,2,0,1494,4,1,1,2,0,2,0,0,2,1,1,1,2,0,1,0
315,0,36,1,3,2746,0,4,4,2,0,4,2,0,0,1,1,2,1,0,0,1
316,0,12,2,3,708,0,2,2,2,2,3,1,0,2,1,1,1,2,0,0,0
317,1,24,2,3,4351,4,2,1,1,0,4,1,0,2,1,1,1,1,1,0,0
318,3,12,4,7,701,0,2,4,2,0,2,2,0,2,1,2,2,1,0,0,0
319,0,15,3,3,3643,0,4,1,1,0,4,1,0,2,1,2,1,1,0,0,0
320,1,30,4,0,4249,0,0,4,3,0,2,2,0,2,1,2,3,1,0,0,1
321,0,24,2,4,1938,0,1,4,0,0,3,1,0,2,1,1,2,1,0,0,1
322,0,24,2,1,2910,0,3,2,2,0,1,3,0,2,2,1,3,1,1,0,0
323,0,18,2,3,2659,3,2,4,2,0,2,2,0,2,1,1,2,1,0,0,0
324,3,18,4,0,1028,0,2,4,1,0,3,0,0,2,1,2,2,1,0,0,0
325,0,8,4,0,3398,0,3,1,2,0,4,0,0,2,1,2,1,1,0,1,0
326,3,12,4,3,5801,4,4,2,2,0,4,1,0,2,0,1,2,1,1,0,0
327,3,24,2,0,1525,3,3,4,1,0,3,2,0,2,1,1,2,2,1,0,0
328,2,36,2,4,4473,0,4,4,2,0,2,2,0,2,1,1,2,1,0,0,0
329,1,6,2,4,1068,0,4,4,2,0,4,2,0,2,1,1,2,2,0,0,0
330,0,24,4,1,6615,0,0,2,2,0,4,3,0,2,2,2,3,1,1,0,0
331,3,18,4,7,1864,1,2,4,1,0,2,0,0,2,1,2,2,1,0,0,1
332,1,60,2,0,7408,1,1,4,1,0,2,1,1,2,1,1,3,1,0,0,1
333,3,48,4,1,11590,1,2,2,1,0,4,2,1,0,0,2,1,1,0,0,1
334,0,24,0,3,4110,0,4,3,2,0,4,3,1,0,0,2,2,2,0,0,1
335,0,6,4,3,3384,0,2,1,0,0,4,0,0,2,0,1,3,1,1,0,1
336,1,13,2,4,2101,0,1,2,1,2,4,1,1,2,1,1,1,1,0,0,0
337,0,15,2,5,1275,4,2,4,1,0,2,2,1,2,0,1,2,1,0,0,1
338,0,24,2,3,4169,0,2,4,2,0,4,1,0,2,1,1,2,1,0,0,0
339,1,10,2,3,1521,0,2,4,0,0,2,2,0,2,1,1,1,1,0,0,0
340,1,24,4,7,5743,0,1,2,1,0,4,3,1,2,2,2,2,1,1,0,0
341,0,21,2,3,3599,0,3,1,1,0,4,2,0,2,0,1,1,1,0,0,0
342,1,18,2,4,3213,2,1,1,3,0,3,0,1,2,0,1,2,1,0,0,0
343,1,18,2,9,4439,0,4,1,2,1,1,0,0,0,1,1,3,1,1,0,0
344,2,10,2,0,3949,0,1,1,2,2,1,1,0,2,1,1,1,2,0,0,0
345,3,15,4,4,1459,0,2,4,1,0,2,2,0,2,1,1,1,1,0,0,0
346,1,13,4,4,882,0,1,4,2,2,4,0,1,2,1,2,2,1,0,0,0
347,1,24,2,4,3758,2,0,1,1,0,4,3,1,2,0,1,0,1,0,0,0
348,3,6,3,9,1743,1,2,1,2,0,2,0,0,2,1,2,1,1,0,0,0
349,1,9,4,7,1136,3,4,4,2,0,3,3,0,2,2,2,2,2,0,0,1
350,3,9,2,5,1236,0,1,1,1,0,4,0,1,2,0,1,2,1,1,0,0
351,1,9,2,3,959,0,2,1,1,0,2,2,0,2,1,1,2,1,0,1,1
352,3,18,4,1,3229,4,0,2,2,0,4,3,0,2,1,1,3,1,1,0,0
353,0,12,0,4,6199,0,2,4,2,0,2,1,0,2,0,2,2,1,1,0,1
354,3,10,2,7,727,2,4,4,2,0,4,3,0,2,2,1,2,1,1,0,0
355,1,24,2,0,1246,0,1,4,2,0,2,0,1,1,1,1,1,1,0,0,1
356,3,12,4,4,2331,4,4,1,2,1,4,0,0,2,1,1,2,1,1,0,0
357,3,36,3,4,4463,0,2,4,2,0,2,2,0,2,1,2,3,1,1,0,1
358,3,12,2,4,776,0,2,4,3,0,2,0,0,2,1,1,2,1,0,0,0
359,0,30,2,3,2406,0,3,4,1,0,4,0,1,2,0,1,2,1,0,0,1
360,1,18,2,7,1239,4,2,4,2,0,4,3,0,2,2,1,2,1,0,0,0
361,2,12,2,4,3399,4,4,2,2,0,3,2,0,2,1,1,3,1,0,0,0
362,2,12,3,0,2247,0,2,2,1,0,2,2,0,1,1,2,2,1,1,0,0
363,3,6,2,3,1766,0,2,1,3,0,2,1,1,2,0,1,2,1,0,0,0
364,0,18,2,3,2473,0,0,4,2,0,1,2,1,2,1,1,0,1,0,0,1
365,3,12,2,9,1542,0,3,2,2,0,4,2,0,2,1,1,2,1,1,0,0
366,3,18,4,1,3850,0,3,3,2,0,1,2,0,2,1,2,2,1,0,0,0
367,0,18,2,3,3650,0,1,1,1,0,4,2,1,2,0,1,2,1,0,0,0
368,0,36,2,3,3446,0,4,4,2,0,2,2,0,2,1,1,2,2,0,0,1
369,1,18,2,3,3001,0,3,2,1,0,4,0,0,2,0,1,2,1,0,0,0
370,3,36,2,0,3079,4,2,4,2,0,4,0,0,2,1,1,2,1,0,0,0
371,3,18,4,4,6070,0,4,3,2,0,4,2,0,2,1,2,2,1,1,0,0
372,3,10,4,3,2146,0,1,1,1,0,3,0,1,2,0,2,2,1,0,0,0
373,3,60,4,0,13756,4,4,2,2,0,4,3,0,0,2,1,3,1,1,0,0
374,1,60,1,2,14782,1,4,3,1,0,4,3,0,0,2,2,3,1,1,0,1
375,0,48,1,9,7685,0,3,2,1,2,4,2,0,2,0,1,2,1,0,0,1
376,3,18,3,4,2320,0,0,2,3,0,3,0,0,2,1,2,2,1,0,0,0
377,3,7,3,4,846,4,4,3,2,0,4,3,0,2,2,1,2,1,0,0,0
378,1,36,2,0,14318,0,4,4,2,0,2,3,0,2,2,1,3,1,1,0,1
379,3,6,4,0,362,1,2,4,1,0,4,2,0,2,1,2,1,1,0,0,0
380,0,20,2,3,2212,4,3,4,2,0,4,2,0,2,1,1,2,1,1,0,0
381,1,18,2,1,12976,0,0,3,1,0,4,3,0,2,2,1,3,1,1,0,1
382,3,22,2,0,1283,4,3,4,1,0,4,1,1,2,0,1,2,1,0,0,0
383,2,12,2,0,1330,0,1,4,2,0,1,0,0,2,1,1,2,1,0,0,0
384,3,30,3,9,4272,1,2,2,2,0,2,1,0,2,1,2,1,1,0,0,0
385,3,18,4,4,2238,0,2,2,1,0,1,2,1,2,1,2,2,1,0,0,0
386,3,18,2,4,1126,4,1,4,1,0,2,0,1,2,0,1,2,1,1,0,0
387,1,18,4,3,7374,0,0,4,2,0,4,1,0,1,1,2,3,1,1,0,0
388,1,15,4,9,2326,2,2,2,2,0,4,2,0,0,1,1,2,1,0,0,0
389,3,9,2,9,1449,0,3,3,1,0,2,2,0,2,1,2,2,1,0,0,0
390,3,18,2,0,1820,0,2,2,3,0,2,1,0,2,1,1,3,1,1,0,0
391,1,12,2,3,983,3,1,1,1,0,4,0,1,2,0,1,1,1,0,0,0
392,0,36,2,0,3249,0,3,2,2,0,4,3,0,0,2,1,3,2,1,0,0
393,0,6,4,4,1957,0,3,1,1,0,4,2,0,2,1,1,2,1,0,0,0
394,3,9,4,3,2406,0,0,2,2,0,3,2,0,2,1,1,3,1,0,0,0
395,1,39,3,7,11760,1,3,2,2,0,3,3,0,2,0,1,2,1,1,0,0
396,0,12,2,3,2578,0,0,3,1,0,4,3,0,2,2,1,3,1,0,0,0
397,0,36,4,3,2348,0,2,3,3,0,2,1,0,2,1,2,2,1,1,0,0
398,1,12,2,0,1223,0,4,1,0,0,1,0,0,2,0,2,2,1,0,0,1
399,3,24,4,4,1516,3,2,4,1,0,1,0,0,2,1,2,1,1,0,0,0
400,3,18,2,4,1473,0,1,3,3,0,4,0,0,2,1,1,2,1,1,0,0
401,1,18,4,9,1887,4,2,4,3,0,4,0,0,0,1,2,2,1,0,0,0
402,3,24,3,9,8648,0,1,2,2,0,2,2,0,0,1,2,2,1,1,0,1
403,3,14,3,0,802,0,2,4,2,0,2,2,0,2,1,2,1,1,0,0,0
404,1,18,3,0,2899,4,4,4,2,0,4,2,0,2,1,1,2,2,0,0,0
405,1,24,2,4,2039,0,1,1,3,0,1,1,1,2,1,1,2,1,1,0,1
406,3,24,4,1,2197,4,3,4,2,0,4,2,0,2,1,2,2,2,1,0,0
407,0,15,2,4,1053,0,1,4,3,0,2,0,0,2,1,1,2,1,0,1,0
408,3,24,2,4,3235,2,4,3,0,0,2,2,0,2,1,1,3,1,1,0,0
409,2,12,4,0,939,2,3,4,3,0,2,0,0,2,1,3,2,1,1,0,1
410,1,24,2,4,1967,0,4,4,1,0,4,2,1,2,1,1,2,1,1,0,0
411,3,33,4,1,7253,0,3,3,2,0,2,2,0,2,1,2,3,1,1,0,0
412,3,12,4,9,2292,0,0,4,2,0,2,2,0,1,1,2,3,1,1,0,1
413,3,10,2,0,1597,2,2,3,2,0,2,3,0,2,0,1,1,2,0,1,0
414,0,24,2,0,1381,4,2,4,1,0,2,1,0,2,1,1,2,1,0,0,1
415,3,36,4,1,5842,0,4,2,2,0,2,1,0,2,1,2,2,2,1,0,0
416,0,12,2,0,2579,0,1,4,2,0,1,0,0,2,1,1,1,2,0,0,1
417,0,18,3,7,8471,4,2,1,1,0,2,2,1,2,0,2,2,1,1,0,0
418,3,21,2,0,2782,2,3,1,1,0,2,2,0,0,1,1,3,1,0,0,0
419,1,18,2,0,1042,4,2,4,1,0,2,1,0,2,1,1,2,1,0,0,1
420,3,15,2,0,3186,3,3,2,1,0,3,2,1,2,0,1,2,1,0,0,0
421,1,12,2,1,2028,4,2,4,2,0,2,2,0,2,1,1,2,1,0,0,0
422,1,12,4,0,958,0,3,2,2,0,3,0,0,2,1,2,1,2,0,0,0
423,3,21,3,3,1591,1,3,4,2,0,3,0,0,2,1,2,3,1,0,0,0
424,1,12,2,3,2762,4,4,1,1,0,2,1,1,0,1,1,2,1,1,0,1
425,1,18,2,1,2779,0,2,1,3,0,3,2,1,2,0,1,2,1,1,0,0
426,3,28,4,4,2743,0,4,4,2,0,2,2,0,2,1,2,2,1,0,0,0
427,3,18,4,4,1149,3,2,4,2,0,3,0,0,2,1,2,2,1,0,0,0
428,3,9,2,3,1313,0,4,1,2,0,4,2,1,2,1,1,2,1,0,0,0
429,0,18,4,6,1190,0,0,2,1,0,4,3,0,2,2,3,0,2,0,0,1
430,3,5,2,9,3448,0,3,1,2,0,4,0,0,2,1,1,1,1,0,0,0
431,1,24,2,2,11328,0,2,2,2,1,3,2,0,0,1,2,3,1,1,0,1
432,0,6,4,3,1872,0,0,4,2,0,4,3,0,2,2,3,3,1,1,0,0
433,3,24,4,6,2058,0,2,4,0,0,2,0,0,2,1,2,2,1,1,0,0
434,0,9,2,3,2136,0,2,3,2,0,2,0,1,2,1,1,2,1,0,0,0
435,1,12,2,4,1484,4,2,2,3,0,1,0,1,2,1,1,2,1,1,0,1
436,3,6,2,6,660,2,3,2,3,0,4,0,1,2,0,1,1,1,0,0,0
437,3,24,4,0,1287,3,4,4,1,0,4,0,0,2,1,2,2,1,1,0,0
438,0,42,4,6,3394,0,0,4,2,1,4,2,0,2,1,2,0,1,0,0,0
439,2,12,1,9,609,0,1,4,1,0,1,0,0,2,1,1,0,1,0,0,1
440,3,12,2,0,1884,0,4,4,2,0,4,2,0,2,1,1,3,1,1,0,0
441,0,12,2,3,1620,0,2,2,1,1,3,1,0,2,1,1,2,1,0,0,0
442,1,20,3,2,2629,0,2,2,2,0,3,2,0,0,1,2,2,1,1,0,0
443,3,12,2,7,719,0,4,4,2,0,4,2,0,0,1,1,1,2,0,0,1
444,1,48,4,3,5096,0,2,2,1,0,3,2,0,2,1,1,3,1,1,0,1
445,3,9,4,7,1244,4,4,4,1,0,4,1,0,2,0,2,1,1,0,0,0
446,0,36,2,0,1842,0,1,4,1,0,4,2,0,2,1,1,2,1,1,0,1
447,1,7,2,4,2576,0,2,2,2,2,2,0,0,2,1,1,2,1,0,0,0
448,2,12,2,3,1424,4,4,3,1,0,4,0,0,2,1,1,3,1,1,0,0
449,1,15,3,6,1512,3,2,3,3,0,3,1,0,1,1,2,2,1,0,0,1
450,3,36,4,1,11054,4,2,4,2,0,2,2,0,2,1,1,3,1,1,0,0
451,3,6,2,4,518,0,2,3,1,0,1,0,0,2,1,1,2,1,0,0,0
452,3,12,0,3,2759,0,4,2,2,0,4,1,0,2,1,2,2,1,0,0,0
453,3,24,2,1,2670,0,4,4,2,0,4,2,0,2,1,1,3,1,1,0,0
454,0,24,2,0,4817,0,3,2,2,1,3,1,0,2,1,1,2,1,1,0,1
455,3,24,2,1,2679,0,1,4,1,0,1,3,0,2,1,1,3,1,1,0,0
456,0,11,4,0,3905,0,2,2,2,0,2,0,0,2,0,2,2,2,0,0,0
457,0,12,2,1,3386,0,4,3,2,0,4,3,0,2,2,1,2,1,1,0,1
458,0,6,2,5,343,0,1,4,1,0,1,0,0,2,1,1,2,1,0,0,0
459,3,18,2,4,4594,0,1,3,2,0,2,2,0,2,1,1,2,1,1,0,0
460,0,36,2,3,3620,0,2,1,2,2,2,1,0,2,1,1,2,2,0,0,0
461,0,15,2,0,1721,0,1,2,2,0,3,0,0,2,1,1,2,1,0,0,0
462,1,12,2,3,3017,0,1,3,1,0,1,0,0,2,0,1,3,1,0,0,0
463,1,12,2,8,754,4,4,4,2,0,4,1,0,2,1,2,2,1,0,0,0
464,3,18,2,9,1950,0,3,4,2,0,1,2,0,1,1,2,2,1,1,0,0
465,0,24,2,1,2924,0,2,3,2,2,4,3,0,0,1,1,2,2,1,0,0
466,0,24,3,4,1659,0,1,4,1,0,2,2,0,2,0,1,1,1,1,0,1
467,3,48,3,4,7238,4,4,3,2,0,3,2,0,0,1,2,2,2,0,0,0
468,3,33,3,9,2764,0,2,2,1,0,2,2,0,2,1,2,2,1,1,0,0
469,3,24,3,1,4679,0,3,3,2,0,3,2,0,2,1,2,1,1,1,0,0
470,1,24,2,4,3092,1,1,3,3,0,2,2,1,2,0,1,2,1,1,0,1
471,0,6,2,7,448,0,1,4,1,0,4,1,1,2,1,1,2,1,0,0,1
472,0,9,2,0,654,0,2,4,2,0,3,2,0,2,1,1,1,1,0,0,1
473,3,6,2,8,1238,4,0,4,2,0,4,1,0,2,1,1,3,2,1,0,0
474,1,18,4,4,1245,0,2,4,3,0,2,2,0,2,1,1,2,1,0,0,1
475,0,18,0,3,3114,0,1,1,1,0,4,1,0,2,0,1,2,1,0,0,1
476,3,39,2,1,2569,2,2,4,2,0,4,2,1,2,1,1,2,1,0,0,0
477,2,24,2,4,5152,0,3,4,2,0,2,2,1,0,1,1,2,1,0,0,0
478,1,12,2,9,1037,1,3,3,2,0,4,0,0,2,1,1,1,1,0,0,0
479,0,15,4,3,1478,0,4,4,2,0,4,2,0,2,1,2,2,2,1,0,0
480,1,12,4,4,3573,0,2,1,1,0,1,0,1,2,1,1,1,1,0,0,0
481,1,24,2,0,1201,0,1,4,2,0,1,1,0,2,1,1,2,1,0,0,0
482,0,30,2,3,3622,3,4,4,1,0,4,1,0,2,0,2,2,1,1,0,0
483,3,15,3,3,960,3,3,3,1,0,2,1,0,2,1,2,2,1,0,0,0
484,3,12,4,0,1163,2,2,4,2,0,4,0,0,2,1,1,2,1,1,0,0
485,1,6,3,0,1209,0,0,4,2,0,4,1,0,2,1,1,3,1,1,0,1
486,3,12,2,4,3077,0,2,2,2,0,4,2,0,2,1,1,2,1,1,0,0
487,3,24,2,0,3757,0,4,4,1,1,4,3,0,2,2,1,2,1,1,0,0
488,3,10,2,0,1418,1,2,3,2,0,2,0,0,2,0,1,1,1,0,1,0
489,3,6,2,0,3518,0,2,2,2,2,3,1,0,2,0,1,2,1,0,0,0
490,3,12,4,4,1934,0,4,2,2,0,2,3,0,2,1,2,2,1,0,0,0
491,1,27,0,9,8318,0,4,2,1,0,4,3,0,2,2,2,3,1,1,0,1
492,3,6,4,4,1237,1,2,1,1,0,1,1,0,2,1,2,2,1,0,0,0
493,1,6,2,4,368,4,4,4,2,0,4,1,0,2,1,1,2,1,0,0,0
494,0,12,4,0,2122,0,2,3,2,0,2,0,0,2,0,2,1,2,0,1,0
495,0,24,2,3,2996,4,2,2,3,0,4,2,1,2,1,1,2,1,0,0,1
496,1,36,2,3,9034,1,1,4,2,1,1,3,0,2,0,1,3,1,1,0,1
497,3,24,4,3,1585,0,3,4,2,0,3,1,0,2,1,2,2,1,0,0,0
498,1,18,2,4,1301,0,4,4,3,2,2,0,0,2,1,1,1,1,0,0,0
499,2,6,4,0,1323,1,4,2,0,0,4,2,0,2,1,2,2,2,1,0,0
500,0,24,2,0,3123,0,1,4,1,0,1,1,0,2,1,1,2,1,0,0,1
501,0,36,2,1,5493,0,4,2,2,0,4,3,0,2,2,1,2,2,0,0,0
502,2,9,2,4,1126,1,4,2,0,0,4,0,0,2,1,1,2,1,0,0,0
503,1,24,4,4,1216,1,1,4,2,0,4,3,0,0,1,2,2,2,0,0,1
504,0,24,2,0,1207,0,1,4,1,0,4,1,1,2,0,1,2,1,0,0,1
505,3,10,2,0,1309,4,2,4,2,2,4,1,0,2,1,1,1,1,0,0,1
506,2,15,4,1,2360,2,2,2,2,0,2,2,0,2,1,1,2,1,1,0,0
507,1,15,1,0,6850,1,0,1,2,0,2,1,0,2,1,1,3,2,1,0,1
508,3,24,2,4,1413,0,2,4,3,0,2,1,0,2,1,1,2,1,0,0,0
509,3,39,2,1,8588,1,4,4,2,0,2,2,0,2,1,1,3,1,1,0,0
510,0,12,2,0,759,0,3,4,2,0,2,0,0,2,1,1,2,1,0,0,1
511,3,36,2,1,4686,0,2,2,2,0,2,3,0,2,2,1,3,1,1,0,0
512,2,15,2,9,2687,0,3,2,2,0,4,1,0,2,0,1,2,1,1,0,0
513,1,12,3,4,585,0,2,4,3,1,4,0,1,2,0,2,2,1,0,0,0
514,3,24,2,0,2255,4,1,4,2,0,1,1,0,2,1,1,2,1,0,0,0
515,0,6,4,0,609,0,3,4,1,0,3,1,0,2,1,2,2,1,0,1,0
516,0,6,4,0,1361,0,1,2,2,0,4,0,0,2,1,1,1,2,0,1,0
517,3,36,4,3,7127,0,1,2,1,0,4,1,1,2,0,2,2,1,1,0,1
518,0,6,2,0,1203,1,4,3,2,0,2,1,0,2,1,1,2,1,1,0,0
519,3,6,4,4,700,4,4,4,2,0,4,3,0,2,2,2,2,1,0,0,0
520,3,24,4,6,5507,0,4,3,2,0,4,3,0,2,2,2,2,1,0,0,0
521,0,18,2,4,3190,0,2,2,1,0,2,0,1,2,1,1,2,1,0,0,1
522,0,48,0,3,7119,0,2,3,2,0,4,3,0,2,2,2,2,2,0,0,1
523,3,24,2,1,3488,1,3,3,1,0,4,2,1,2,1,1,2,1,0,0,0
524,1,18,2,4,1113,0,2,4,1,2,4,0,0,2,1,1,1,2,0,0,0
525,1,26,2,1,7966,0,1,2,2,0,3,2,0,2,1,2,2,1,0,0,0
526,3,15,4,7,1532,1,2,4,1,0,3,2,0,2,1,1,2,1,0,0,0
527,3,4,4,4,1503,0,3,2,2,0,1,0,0,2,1,2,1,2,0,0,0
528,0,36,2,4,2302,0,2,4,0,0,4,2,0,2,0,1,2,1,0,0,1
529,0,6,2,0,662,0,1,3,2,0,4,0,0,2,1,1,1,2,1,0,0
530,1,36,2,7,2273,0,3,3,2,0,1,2,0,2,1,2,2,2,0,0,0
531,1,15,2,0,2631,1,2,2,1,0,4,2,0,2,0,2,2,1,1,0,1
532,3,12,3,1,1503,0,2,4,3,0,4,0,0,2,0,1,2,1,0,0,0
533,3,24,2,4,1311,1,3,4,3,0,3,1,0,2,1,1,2,1,1,0,0
534,3,24,2,4,3105,4,1,4,2,0,2,2,1,2,1,2,2,1,0,0,0
535,2,21,4,7,2319,0,1,2,0,0,1,2,0,2,0,1,2,1,0,0,1
536,0,6,2,0,1374,4,0,4,1,0,3,1,0,2,1,1,3,1,1,0,0
537,1,18,4,3,3612,0,4,3,1,0,4,1,0,2,1,1,2,1,1,0,0
538,0,48,2,0,7763,0,4,4,2,0,4,3,0,0,2,1,3,1,0,0,1
539,2,18,2,3,3049,0,1,1,1,0,1,1,0,1,1,1,1,1,0,0,0
540,1,12,2,4,1534,0,1,1,3,0,1,0,1,2,0,1,2,1,0,0,1
541,3,24,3,0,2032,0,4,4,2,0,4,3,0,2,2,2,2,1,1,0,0
542,0,30,2,3,6350,4,4,4,2,0,4,1,0,2,1,1,2,1,0,0,1
543,2,18,2,3,2864,0,2,2,2,0,1,0,0,2,1,1,1,2,0,0,1
544,3,12,4,0,1255,0,4,4,2,0,4,0,0,2,1,2,1,1,0,0,0
545,0,24,3,0,1333,0,0,4,2,0,2,0,0,2,2,2,2,2,0,0,1
546,3,24,4,0,2022,0,2,4,1,0,4,2,0,2,1,1,2,1,1,0,0
547,3,24,2,4,1552,0,3,3,2,0,1,2,0,0,1,1,2,2,0,0,0
548,0,12,1,4,626,0,2,4,1,0,4,0,1,0,1,1,1,1,0,0,1
549,3,48,4,1,8858,4,3,2,2,0,1,3,0,2,2,2,2,1,1,0,0
550,3,12,4,6,996,4,3,4,1,0,4,0,1,2,1,2,2,1,0,0,0
551,3,6,1,4,1750,2,4,2,2,0,4,1,0,0,1,1,1,2,0,0,0
552,0,48,2,4,6999,0,3,1,3,2,1,0,0,2,1,2,2,1,1,0,1
553,1,12,4,0,1995,1,1,4,2,0,1,2,0,2,1,1,2,1,0,0,0
554,1,9,2,7,1199,0,3,4,1,0,4,1,0,2,1,2,3,1,1,0,0
555,1,12,2,4,1331,0,1,2,2,0,1,2,1,1,1,1,2,1,0,0,1
556,1,18,0,0,2278,1,1,3,1,0,3,2,0,2,1,2,2,1,0,0,1
557,3,21,0,0,5003,4,2,1,1,0,4,1,0,0,1,2,2,1,1,0,1
558,0,24,1,3,3552,0,3,3,2,0,4,2,0,0,1,1,2,1,0,0,1
559,1,18,4,3,1928,0,1,2,2,0,2,0,0,2,1,2,1,1,0,0,1
560,0,24,2,1,2964,4,4,4,2,0,4,3,0,0,2,1,2,2,1,0,0
561,0,24,1,4,1546,0,3,4,2,2,4,2,1,0,0,1,1,1,0,0,1
562,2,6,3,4,683,0,1,2,1,0,1,1,0,0,1,1,2,1,0,0,0
563,1,36,2,0,12389,4,2,1,2,0,4,3,0,2,2,1,2,1,1,0,1
564,1,24,3,9,4712,4,2,4,2,0,2,1,0,0,1,2,3,1,1,0,0
565,1,24,3,4,1553,1,3,3,1,0,2,1,1,2,0,2,2,1,1,0,0
566,0,12,2,0,1372,0,3,2,0,0,3,2,0,2,1,1,2,1,0,0,1
567,3,24,4,4,2578,3,4,2,2,0,2,2,0,2,1,1,2,1,0,0,0
568,1,48,2,4,3979,4,3,4,2,0,1,2,0,2,1,2,2,2,1,0,0
569,0,48,2,4,6758,0,2,3,1,0,2,2,0,2,1,1,2,1,1,0,1
570,0,24,2,3,3234,0,1,4,1,0,4,0,1,2,0,1,1,1,1,0,1
571,3,30,4,4,5954,0,3,3,2,1,2,2,0,2,1,1,2,1,0,0,0
572,3,24,2,1,5433,4,0,2,1,0,4,1,0,2,0,1,3,1,1,0,0
573,0,15,2,9,806,0,2,4,1,0,4,1,1,2,1,1,1,1,0,0,0
574,1,9,2,4,1082,0,4,4,2,0,4,2,0,2,1,2,1,1,0,0,0
575,3,15,4,3,2788,0,3,2,1,1,3,2,1,0,1,2,2,1,0,0,0
576,1,12,2,4,2930,0,3,2,1,0,1,0,0,2,1,1,2,1,0,0,0
577,3,24,4,7,1927,4,2,3,1,0,2,2,0,2,1,2,2,1,1,0,0
578,1,36,4,0,2820,0,1,4,0,0,4,2,0,2,1,2,2,1,0,0,1
579,3,24,2,8,937,0,1,4,3,0,3,2,0,2,1,2,1,1,0,0,0
580,1,18,4,0,1056,0,4,3,2,2,3,0,0,0,1,2,2,1,0,0,1
581,1,12,4,0,3124,0,1,1,2,0,3,0,0,0,1,2,1,2,0,0,0
582,3,9,2,3,1388,0,2,4,1,0,2,0,0,2,0,1,2,1,0,0,0
583,1,36,2,6,2384,0,1,4,2,0,1,3,0,2,0,1,1,1,0,0,1
584,3,12,2,0,2133,4,4,4,1,0,4,3,0,2,2,1,3,1,1,0,0
585,0,18,2,3,2039,0,2,1,1,0,4,0,1,0,0,1,2,1,0,0,1
586,0,9,4,0,2799,0,2,2,2,0,2,0,0,2,0,2,2,2,0,0,0
587,0,12,2,3,1289,0,2,4,2,2,1,1,1,2,1,1,1,1,0,0,0
588,0,18,2,5,1217,0,2,4,3,0,3,0,0,2,1,1,1,1,1,0,1
589,0,12,4,3,2246,0,4,3,2,0,3,1,0,2,1,2,2,1,0,0,1
590,0,12,4,4,385,0,3,4,1,0,3,0,0,2,1,4,1,1,1,0,0
591,1,24,3,0,1965,4,2,4,1,0,4,2,0,2,0,2,2,1,1,0,0
592,3,21,2,9,1572,3,4,4,1,0,4,0,0,0,1,1,1,1,0,0,0
593,1,24,2,0,2718,0,2,3,1,0,4,1,1,2,0,1,1,1,1,0,1
594,0,24,1,2,1358,4,4,4,2,0,3,2,0,1,1,1,3,1,1,0,1
595,1,6,1,0,931,1,1,1,1,0,1,1,0,1,1,1,1,1,0,0,1
596,0,24,2,0,1442,0,3,4,1,0,4,2,1,2,0,2,2,1,0,0,1
597,1,24,0,9,4241,0,2,1,2,0,4,0,0,2,1,3,1,1,1,0,1
598,3,18,4,0,2775,0,3,2,2,0,2,1,0,0,1,2,2,1,0,0,1
599,3,24,3,9,3863,0,2,1,2,0,2,3,0,2,2,1,2,1,0,0,0
600,1,7,2,4,2329,0,1,1,1,2,1,0,0,2,1,1,2,1,0,0,0
601,1,9,2,3,918,0,2,4,1,0,1,1,0,2,1,1,2,1,0,0,1
602,1,24,1,7,1837,0,3,4,1,0,4,3,0,0,2,1,1,1,0,0,1
603,3,36,2,3,3349,0,2,4,1,0,2,2,0,2,1,1,3,1,1,0,1
604,2,10,2,3,1275,0,1,4,1,0,2,1,1,2,1,1,2,1,0,0,0
605,0,24,1,3,2828,2,2,4,2,0,4,0,1,1,1,1,2,1,1,0,0
606,3,24,4,9,4526,0,2,3,2,0,2,0,0,2,1,1,3,1,1,0,0
607,1,36,2,4,2671,1,2,4,1,1,4,3,0,2,2,1,2,1,0,0,1
608,3,18,2,4,2051,0,1,4,2,0,1,0,0,2,1,1,2,1,0,0,0
609,3,15,2,1,1300,4,4,4,2,0,4,3,0,0,2,1,2,2,0,0,0
610,0,12,2,5,741,1,0,4,1,0,3,1,1,2,1,1,2,1,0,0,1
611,2,10,2,0,1240,1,4,1,1,0,4,3,0,2,2,1,1,2,0,0,1
612,0,21,2,4,3357,3,1,4,1,0,2,2,0,0,1,1,2,1,0,0,0
613,0,24,1,1,3632,0,2,1,1,2,4,2,1,0,0,1,2,1,0,1,0
614,3,18,3,3,1808,0,3,4,1,0,1,0,1,2,1,1,2,1,0,0,1
615,1,48,0,9,12204,4,2,2,2,0,2,2,0,0,1,1,3,1,1,0,0
616,1,60,3,4,9157,4,2,2,2,0,2,3,0,2,2,1,3,1,0,0,0
617,0,6,4,0,3676,0,2,1,2,0,3,0,0,2,0,3,2,2,0,0,0
618,1,30,2,3,3441,1,2,2,1,1,4,2,1,2,0,1,2,1,0,0,1
619,3,12,2,0,640,0,2,4,0,0,2,0,0,2,1,1,1,1,0,0,0
620,1,21,4,9,3652,0,3,2,2,0,3,1,0,2,1,2,2,1,0,0,0
621,3,18,4,0,1530,0,2,3,2,0,2,1,0,0,1,2,2,1,0,0,1
622,3,48,2,9,3914,4,2,4,0,0,2,0,0,0,1,1,2,1,0,0,1
623,0,12,2,3,1858,0,1,4,1,0,1,2,1,2,0,1,2,1,0,0,0
624,0,18,2,4,2600,0,2,4,2,0,4,3,0,2,2,2,2,1,0,0,1
625,3,15,2,4,1979,4,4,4,2,0,2,2,0,2,1,1,2,1,0,0,0
626,2,6,2,3,2116,0,2,2,2,0,2,0,0,2,1,1,2,1,1,0,0
627,1,9,1,0,1437,1,3,2,2,0,3,3,0,2,1,1,2,1,0,0,1
628,3,42,4,3,4042,2,2,4,2,0,4,0,0,2,1,2,2,1,1,0,0
629,3,9,2,7,3832,4,4,1,2,0,4,0,0,2,1,1,1,1,0,0,0
630,0,24,2,4,3660,0,2,2,1,0,4,2,0,2,1,1,2,1,0,0,0
631,0,18,1,3,1553,0,2,4,2,0,3,2,0,0,1,1,2,1,0,0,1
632,1,15,2,4,1444,4,1,4,2,0,1,1,1,2,1,1,2,1,0,0,0
633,3,9,2,3,1980,0,1,2,1,1,2,2,1,2,0,2,2,1,0,0,1
634,1,24,2,0,1355,0,1,3,1,0,4,2,1,2,1,1,1,1,1,0,1
635,3,12,2,7,1393,0,4,4,2,0,4,1,0,0,1,3,2,2,1,0,0
636,3,24,2,4,1376,2,3,4,1,0,1,2,0,2,1,1,2,1,0,0,0
637,3,60,3,4,15653,0,3,2,2,0,4,2,1,2,1,2,2,1,1,0,0
638,3,12,2,4,1493,0,1,4,1,0,3,2,0,2,1,1,2,2,0,0,0
639,0,42,3,4,4370,0,3,3,2,0,2,1,0,0,1,2,2,2,1,0,1
640,0,18,2,7,750,0,0,4,1,0,1,0,0,2,1,1,0,1,0,0,1
641,1,15,2,6,1308,0,4,4,2,0,4,2,0,2,1,2,1,1,0,0,0
642,3,15,2,7,4623,1,2,3,2,0,2,1,0,2,1,1,3,1,1,0,1
643,3,24,4,4,1851,0,3,4,3,2,2,2,0,2,1,2,2,1,1,0,0
644,0,18,4,4,1880,0,3,4,3,0,1,1,0,2,1,2,3,1,1,0,0
645,3,36,3,9,7980,4,1,4,2,0,4,2,0,2,0,2,2,1,1,0,1
646,0,30,0,3,4583,0,2,2,0,2,2,0,0,2,1,2,2,1,0,0,0
647,3,12,2,0,1386,2,2,2,1,0,2,1,0,2,1,1,2,1,0,0,1
648,2,24,2,0,947,0,3,4,2,0,3,3,0,0,2,1,2,2,0,0,1
649,0,12,2,7,684,0,2,4,2,0,4,2,0,2,0,1,1,2,0,0,1
650,0,48,2,7,7476,0,3,4,2,0,1,3,0,2,2,1,3,1,1,0,0
651,1,12,2,3,1922,0,2,4,2,0,2,1,0,2,1,1,1,1,0,0,1
652,0,24,2,0,2303,0,4,4,2,1,1,0,0,2,1,1,2,1,0,0,1
653,1,36,3,0,8086,1,4,2,2,0,4,2,0,2,1,4,3,1,1,0,1
654,3,24,4,1,2346,0,3,4,2,0,3,2,0,2,1,2,2,1,1,0,0
655,0,14,2,0,3973,0,0,1,2,0,4,3,1,2,2,1,2,1,0,0,0
656,1,12,2,0,888,0,4,4,2,0,4,2,0,0,1,1,1,2,0,0,1
657,3,48,2,4,10222,4,3,4,2,0,3,2,0,1,1,1,2,1,1,0,0
658,1,30,0,9,4221,0,2,2,1,0,1,2,0,2,1,2,2,1,0,0,0
659,1,18,4,3,6361,0,4,2,2,0,1,3,0,2,1,1,2,1,1,0,0
660,2,12,2,4,1297,0,2,3,3,0,4,0,1,2,0,1,2,1,0,0,0
661,0,12,2,0,900,4,2,4,3,0,2,2,1,2,1,1,2,1,0,0,1
662,3,21,2,3,2241,0,4,4,2,0,2,0,0,2,1,2,2,1,0,0,0
663,1,6,3,3,1050,0,0,4,2,0,1,1,0,1,1,2,3,1,1,0,0
664,2,6,4,7,1047,0,2,2,1,0,4,1,0,2,1,1,1,1,0,0,0
665,3,24,4,2,6314,0,0,4,2,1,2,3,0,0,1,2,3,1,1,0,0
666,1,30,1,3,3496,3,2,4,2,0,2,2,0,1,1,1,2,2,1,0,0
667,3,48,1,9,3609,0,2,1,1,0,1,0,0,1,1,1,2,1,0,0,0
668,0,12,4,0,4843,0,4,3,2,1,4,1,0,2,0,2,2,1,1,0,1
669,2,30,4,4,3017,0,4,4,2,0,4,1,0,2,1,1,2,1,0,0,0
670,3,24,4,9,4139,1,2,3,2,0,3,1,0,2,1,2,1,1,1,0,0
671,3,36,2,9,5742,1,3,2,2,0,2,2,0,2,1,2,2,1,1,0,0
672,3,60,2,0,10366,0,4,2,2,0,4,1,0,2,1,1,3,1,1,0,0
673,3,6,4,0,2080,2,2,1,3,0,2,2,1,2,1,1,2,1,0,0,0
674,3,21,3,9,2580,2,1,4,2,0,2,0,0,0,1,1,1,2,0,0,1
675,3,30,4,4,4530,0,3,4,1,0,4,2,0,2,0,1,3,1,1,0,0
676,3,24,4,3,5150,0,4,4,2,0,4,2,0,2,1,1,2,1,1,0,0
677,1,72,2,4,5595,1,2,2,3,0,2,2,1,2,1,1,2,1,0,0,1
678,0,24,2,4,2384,0,4,4,2,0,4,0,0,0,0,1,1,1,0,0,0
679,3,18,2,4,1453,0,1,3,1,0,1,0,0,2,1,1,2,1,0,0,0
680,3,6,2,7,1538,0,1,1,1,0,2,3,0,2,1,1,2,1,0,0,0
681,3,12,2,4,2279,4,2,4,2,0,4,3,0,2,2,1,2,1,1,0,0
682,3,15,3,4,1478,0,2,4,3,0,3,0,0,0,1,2,2,1,0,0,0
683,3,24,4,4,5103,0,1,3,3,0,3,3,0,2,2,3,2,1,1,0,0
684,1,36,3,9,9857,1,3,1,2,0,3,1,0,2,1,2,1,2,1,0,0
685,3,60,2,0,6527,4,2,4,2,0,4,3,0,2,2,1,2,2,1,0,0
686,2,10,4,4,1347,4,3,4,2,0,2,1,0,2,1,2,2,1,1,0,0
687,1,36,3,0,2862,1,4,4,2,0,3,3,0,2,2,1,2,1,0,0,0
688,3,9,2,4,2753,1,4,3,2,1,4,2,0,2,1,1,2,1,1,0,0
689,0,12,2,0,3651,3,2,1,2,0,3,1,0,2,1,1,2,2,0,0,0
690,0,15,4,3,975,0,2,2,0,0,3,1,1,2,1,2,2,1,0,0,0
691,1,15,2,6,2631,1,2,3,1,0,2,0,1,2,1,1,1,1,0,0,0
692,1,24,2,4,2896,1,1,2,2,0,1,2,0,2,1,1,2,1,0,0,0
693,0,6,4,0,4716,4,1,1,2,0,3,0,0,2,1,2,1,2,0,0,0
694,3,24,2,4,2284,0,3,4,2,0,2,2,0,2,1,1,2,1,1,0,0
695,3,6,2,1,1236,2,2,2,2,0,4,1,0,2,0,1,2,1,0,0,0
696,1,12,2,4,1103,0,3,4,2,2,3,0,0,2,1,2,2,1,0,1,0
697,3,12,4,0,926,0,0,1,1,0,2,1,0,2,1,1,0,1,0,0,0
698,3,18,4,4,1800,0,2,4,2,0,2,2,1,2,1,2,2,1,0,0,0
699,2,15,2,7,1905,0,4,4,2,0,4,2,0,2,0,1,3,1,1,0,0
700,3,12,2,3,1123,2,2,4,1,0,4,2,0,2,0,1,1,1,0,0,1
701,0,48,4,1,6331,0,4,4,2,0,4,3,0,2,2,2,2,1,1,0,1
702,2,24,2,4,1377,1,4,4,1,0,2,3,0,2,2,1,2,1,1,0,0
703,1,30,3,9,2503,1,4,4,2,0,2,1,0,1,1,2,2,1,0,0,0
704,1,27,2,9,2528,0,1,4,1,0,1,1,0,2,1,1,2,2,1,0,0
705,3,15,2,0,5324,2,4,1,1,0,4,3,0,2,2,1,2,1,0,0,0
706,1,48,2,0,6560,1,3,3,2,0,2,1,1,2,1,1,2,1,0,0,1
707,1,12,0,3,2969,0,1,4,1,0,3,1,1,2,0,2,2,1,0,0,1
708,1,9,2,4,1206,0,4,4,1,0,4,0,1,2,1,1,2,1,0,0,0
709,1,9,2,4,2118,0,2,2,2,0,2,0,0,2,1,1,1,2,0,0,0
710,3,18,4,4,629,2,4,4,2,0,3,1,0,0,1,2,3,1,1,0,0
711,0,6,1,7,1198,0,4,4,1,0,4,3,0,2,2,1,2,1,0,0,1
712,3,21,2,1,2476,4,4,4,2,0,4,0,0,2,1,1,3,1,1,0,0
713,0,9,4,4,1138,0,2,4,2,0,4,0,1,2,1,2,1,1,0,0,0
714,1,60,2,0,14027,0,3,4,2,0,2,3,0,2,1,1,3,1,1,0,1
715,3,30,4,1,7596,4,4,1,2,0,4,2,0,2,1,2,2,1,0,0,0
716,3,30,4,4,3077,4,4,3,2,0,2,2,0,2,1,2,2,2,1,0,0
717,3,18,2,4,1505,0,2,4,2,0,2,3,0,2,2,1,3,1,1,0,0
718,2,24,4,4,3148,4,2,3,2,0,2,2,0,2,1,2,2,1,1,0,0
719,1,20,0,1,6148,1,4,3,3,0,4,2,0,0,1,2,2,1,1,0,0
720,2,9,0,4,1337,0,1,4,2,0,2,2,0,2,1,2,3,1,1,0,1
721,1,6,1,7,433,3,1,4,1,0,2,1,1,0,0,1,2,2,0,0,1
722,0,12,2,0,1228,0,2,4,1,0,2,0,1,2,1,1,1,1,0,0,1
723,1,9,2,4,790,2,2,4,1,0,3,0,0,2,1,1,1,1,0,0,0
724,3,27,2,0,2570,0,2,3,1,0,3,0,1,2,0,1,2,1,0,0,1
725,3,6,4,0,250,3,2,2,1,0,2,0,0,0,1,2,1,1,0,0,0
726,3,15,4,4,1316,2,2,2,3,0,2,1,0,2,1,2,1,1,0,0,0
727,0,18,2,4,1882,0,2,4,1,0,4,2,1,0,0,2,2,1,0,0,1
728,1,48,1,9,6416,0,4,4,1,0,3,3,0,2,0,1,2,1,0,0,1
729,2,24,4,9,1275,3,2,2,0,0,4,0,0,2,1,2,2,1,1,0,0
730,1,24,3,4,6403,0,1,1,2,0,2,2,0,2,1,1,2,1,0,0,0
731,0,24,2,4,1987,0,2,2,2,0,4,0,1,2,0,1,1,2,0,0,1
732,1,8,2,4,760,0,3,4,1,2,2,0,0,2,1,1,1,1,0,0,0
733,3,24,2,1,2603,3,2,2,1,0,4,2,0,2,0,1,2,1,1,0,0
734,3,4,4,0,3380,0,3,1,1,0,1,0,0,2,1,1,2,2,0,0,0
735,1,36,1,5,3990,4,1,3,1,0,2,3,0,0,1,1,0,1,0,0,0
736,1,24,2,1,11560,0,2,1,1,0,4,2,1,2,0,2,3,1,0,0,1
737,0,18,2,0,4380,1,2,3,2,0,4,2,0,2,1,1,1,2,1,0,0
738,3,6,4,0,6761,0,3,1,2,0,3,3,0,2,1,2,3,2,1,0,0
739,1,30,0,9,4280,1,2,4,1,0,4,2,0,2,0,2,1,1,0,0,1
740,0,24,1,0,2325,1,3,2,2,0,3,2,0,0,1,1,2,1,0,0,0
741,1,10,1,4,1048,0,2,4,2,0,4,0,1,1,1,1,1,1,0,0,0
742,3,21,2,4,3160,4,4,4,2,0,3,1,0,2,1,1,2,1,1,0,0
743,0,24,1,3,2483,2,2,4,2,0,4,0,1,1,1,1,2,1,1,0,0
744,0,39,4,3,14179,4,3,4,2,0,4,1,0,2,1,2,3,1,1,0,0
745,0,13,4,9,1797,0,1,3,2,0,1,1,0,0,1,2,1,1,0,0,0
746,0,15,2,0,2511,0,0,1,1,0,4,2,1,2,0,1,2,1,0,0,0
747,0,12,2,0,1274,0,1,3,1,0,1,0,0,2,1,1,1,1,0,0,1
748,3,21,2,1,5248,4,2,1,2,0,3,2,0,2,1,1,2,1,0,0,0
749,3,15,2,1,3029,0,3,2,2,0,2,2,0,2,1,1,2,1,0,0,0
750,0,6,2,3,428,0,4,2,1,0,1,1,0,0,1,1,2,1,1,0,0
751,0,18,2,0,976,0,1,1,1,0,2,2,1,2,1,1,1,1,0,0,1
752,1,12,2,9,841,1,3,2,1,0,4,0,1,2,0,1,1,1,0,0,0
753,3,30,4,4,5771,0,3,4,1,0,2,2,1,2,1,2,2,1,0,0,0
754,3,12,3,6,1555,3,4,4,2,0,4,3,0,2,2,2,2,2,0,0,1
755,0,24,2,0,1285,4,3,4,1,0,4,3,0,2,0,1,2,1,0,0,1
756,2,6,4,0,1299,0,2,1,2,0,1,0,0,2,1,3,0,2,0,1,0
757,2,15,4,4,1271,4,2,3,2,0,4,3,0,2,2,2,2,1,1,0,1
758,3,24,2,0,1393,0,2,2,2,2,2,0,0,2,1,1,2,1,1,0,0
759,0,12,4,0,691,0,4,4,2,0,3,1,0,2,1,2,2,1,0,0,1
760,3,15,4,0,5045,4,4,1,1,0,4,2,0,2,1,1,2,1,1,0,0
761,0,18,4,3,2124,0,2,4,1,0,4,0,1,2,0,2,2,1,0,0,1
762,0,12,2,4,2214,0,2,4,2,0,3,1,1,2,1,1,1,1,0,0,0
763,3,21,4,0,12680,4,4,4,2,0,4,3,0,2,2,1,3,1,1,0,1
764,3,24,4,0,2463,1,3,4,3,0,3,1,0,2,1,2,2,1,1,0,0
765,1,12,2,4,1155,0,4,3,3,2,3,0,0,0,1,2,1,1,0,0,0
766,0,30,2,3,3108,0,1,2,0,0,4,1,0,2,1,1,1,1,0,0,1
767,3,10,2,1,2901,4,1,1,1,0,4,0,0,2,0,1,2,1,0,0,0
768,1,12,4,3,3617,0,4,1,2,0,4,2,0,2,0,3,2,1,1,0,0
769,3,12,4,4,1655,0,4,2,2,0,4,0,0,2,1,2,1,1,1,0,0
770,0,24,2,1,2812,4,4,2,1,0,4,0,0,2,0,1,2,1,0,0,0
771,0,36,4,7,8065,0,2,3,1,0,2,3,1,2,1,2,3,1,1,0,1
772,3,21,4,1,3275,0,4,1,2,0,4,2,0,2,1,1,3,1,1,0,0
773,3,24,4,4,2223,1,4,4,2,0,4,1,0,0,1,2,2,1,0,0,0
774,2,12,4,0,1480,2,0,2,2,0,4,3,0,0,2,3,0,1,0,0,0
775,0,24,2,0,1371,4,2,4,1,0,4,0,1,2,0,1,2,1,0,0,1
776,3,36,4,0,3535,0,3,4,2,0,4,2,0,2,1,2,2,1,1,0,0
777,0,18,2,4,3509,0,3,4,1,2,1,0,1,2,1,1,2,1,0,0,0
778,3,36,4,1,5711,3,4,4,2,0,2,2,0,2,1,2,3,1,1,0,0
779,1,18,2,6,3872,0,0,2,1,0,4,2,0,2,1,1,2,1,1,0,0
780,1,39,4,4,4933,0,3,2,2,2,2,0,1,2,1,2,2,1,0,0,1
781,3,24,4,0,1940,3,4,4,2,0,4,0,0,2,1,1,2,1,1,0,0
782,1,12,0,8,1410,0,2,2,2,0,2,0,0,2,1,1,1,1,1,0,0
783,1,12,2,0,836,1,1,4,1,0,2,1,1,0,1,1,1,1,0,0,1
784,1,20,2,1,6468,4,0,1,0,0,4,0,0,2,1,1,3,1,1,0,0
785,1,18,2,9,1941,3,2,4,2,0,2,1,0,2,1,1,1,1,1,0,0
786,3,22,2,4,2675,2,4,3,2,0,4,2,0,2,1,1,2,1,0,0,0
787,3,48,4,1,2751,4,4,4,2,0,3,2,0,2,1,2,2,2,1,0,0
788,1,48,3,7,6224,0,4,4,2,0,4,3,0,2,2,1,2,1,0,0,1
789,0,40,4,7,5998,0,2,4,2,0,3,3,0,0,1,1,2,1,1,0,1
790,1,21,2,9,1188,0,4,2,1,0,4,1,0,2,1,1,2,2,0,0,1
791,3,24,2,1,6313,4,4,3,2,0,4,2,0,2,1,1,3,2,1,0,0
792,3,6,4,3,1221,4,2,1,3,0,2,1,0,2,1,2,2,1,0,0,0
793,2,24,2,3,2892,0,4,3,0,0,4,3,0,2,2,1,2,1,0,0,0
794,3,24,2,3,3062,2,4,4,2,0,3,3,0,2,0,1,2,1,1,0,0
795,3,9,2,3,2301,1,1,2,1,0,4,1,1,2,0,1,2,1,0,0,0
796,0,18,2,1,7511,4,4,1,2,0,4,1,0,2,2,1,2,2,1,0,1
797,3,12,4,3,1258,0,1,2,1,0,4,1,1,2,0,2,1,1,0,0,0
798,3,24,3,0,717,4,4,4,3,0,4,2,0,2,1,2,2,1,1,0,0
799,1,9,2,0,1549,4,1,4,2,0,2,0,0,2,1,1,0,1,0,0,0
800,3,24,4,7,1597,0,4,4,2,0,4,3,0,2,2,2,2,2,0,0,0
801,1,18,4,4,1795,0,4,3,1,2,4,0,0,0,0,2,1,1,1,0,0
802,0,20,4,3,4272,0,4,1,1,0,4,1,1,2,1,2,2,1,0,0,0
803,3,12,4,4,976,4,4,4,2,0,4,2,0,2,1,2,2,1,0,0,0
804,1,12,2,0,7472,4,0,1,1,0,2,0,1,2,0,1,0,1,0,0,0
805,0,36,2,0,9271,0,3,2,2,0,1,2,1,2,1,1,2,1,1,0,1
806,1,6,2,4,590,0,1,3,3,0,3,0,0,2,1,1,1,1,0,1,0
807,3,12,4,4,930,4,4,4,2,0,4,0,0,2,1,4,2,1,0,0,0
808,1,42,1,1,9283,0,0,1,2,0,2,3,0,0,2,1,3,1,1,0,0
809,1,15,0,0,1778,0,1,2,1,0,1,0,0,2,0,2,0,1,0,0,1
810,1,8,2,9,907,0,1,3,3,0,2,0,0,2,1,1,2,1,1,0,0
811,1,6,2,4,484,0,3,3,3,2,3,0,0,0,1,1,1,1,0,0,0
812,0,36,4,1,9629,0,3,4,2,0,4,2,1,2,1,2,2,1,1,0,1
813,0,48,2,5,3051,0,2,3,2,0,4,2,0,2,1,1,2,1,0,0,1
814,0,48,2,0,3931,0,3,4,2,0,4,3,0,2,2,1,2,2,0,0,1
815,1,36,3,0,7432,0,2,2,1,0,2,1,0,2,0,1,2,1,0,0,0
816,3,6,2,5,1338,2,2,1,0,0,4,0,0,2,1,1,2,1,0,0,0
817,3,6,4,4,1554,0,3,1,1,0,2,2,1,2,0,2,2,1,1,0,0
818,0,36,2,2,15857,0,0,2,0,1,3,2,0,2,1,1,3,1,0,0,0
819,0,18,2,4,1345,0,2,4,3,0,3,0,0,0,1,1,2,1,0,0,1
820,3,12,2,0,1101,0,2,3,3,0,2,0,0,2,1,2,2,1,1,0,0
821,2,12,2,4,3016,0,2,3,3,0,1,2,1,2,1,1,2,1,0,0,0
822,0,36,2,3,2712,0,4,2,2,0,2,1,0,0,1,1,2,2,0,0,1
823,0,8,4,0,731,0,4,4,2,0,4,0,0,2,1,2,1,1,0,0,0
824,3,18,4,3,3780,0,1,3,0,0,2,2,0,2,1,2,3,1,1,0,0
825,0,21,4,0,1602,0,4,4,3,0,3,2,0,2,1,2,2,1,1,0,0
826,0,18,4,0,3966,0,4,1,1,0,4,0,0,0,0,3,2,1,1,0,1
827,3,18,0,9,4165,0,2,2,2,0,2,2,0,1,1,2,2,2,0,0,1
828,0,36,2,1,8335,4,4,3,2,0,4,3,0,2,2,1,2,1,0,0,1
829,1,48,3,9,6681,4,2,4,2,0,4,3,0,2,2,1,2,2,1,0,0
830,3,24,3,9,2375,2,2,4,2,0,2,2,0,2,1,2,2,2,1,0,0
831,0,18,2,0,1216,0,1,4,1,0,3,2,1,2,0,1,2,1,1,0,1
832,0,45,0,9,11816,0,4,2,2,0,4,2,0,2,0,2,2,1,0,0,1
833,1,24,2,4,5084,4,4,2,1,0,4,2,0,2,1,1,2,1,1,0,0
834,2,15,2,4,2327,0,1,2,1,0,3,0,1,2,1,1,1,1,0,0,1
835,0,12,0,0,1082,0,2,4,2,0,4,2,0,0,1,2,2,1,0,0,1
836,3,12,2,4,886,4,2,4,1,0,2,2,1,2,1,1,2,1,0,0,0
837,3,4,2,3,601,0,1,1,1,0,3,0,1,2,0,1,1,2,0,0,0
838,0,24,4,1,2957,0,4,4,2,0,4,1,0,2,1,2,2,1,1,0,0
839,3,24,4,4,2611,0,4,4,3,1,3,0,0,2,1,2,2,1,0,0,0
840,0,36,2,3,5179,0,3,4,2,0,2,1,0,2,1,1,2,1,0,0,1
841,3,21,3,1,2993,0,2,3,2,0,2,0,0,1,1,2,1,1,0,0,0
842,3,18,2,6,1943,0,1,4,1,0,4,0,1,2,1,1,2,1,0,0,1
843,3,24,1,9,1559,0,3,4,2,0,4,2,0,0,1,1,2,1,1,0,0
844,3,18,2,3,3422,0,4,4,2,0,4,1,0,0,1,3,2,2,1,0,0
845,1,21,2,3,3976,4,3,2,2,0,3,2,0,2,1,1,2,1,1,0,0
846,3,18,2,0,6761,4,2,2,2,0,4,2,0,2,0,2,2,1,0,0,1
847,3,24,2,0,1249,0,1,4,3,0,2,0,0,2,1,1,2,1,0,0,0
848,0,9,2,4,1364,0,3,3,2,0,4,0,0,2,1,1,2,1,0,0,0
849,0,12,2,4,709,0,4,4,2,0,4,0,0,1,1,1,1,1,0,0,1
850,0,20,4,0,2235,0,2,4,3,2,2,1,0,0,0,2,2,1,0,1,1
851,3,24,4,1,4042,4,3,3,2,0,4,1,0,2,1,2,2,1,1,0,0
852,3,15,4,4,1471,0,2,4,2,0,4,3,0,2,2,2,2,1,1,0,0
853,0,18,1,0,1442,0,3,4,2,0,4,3,0,2,2,2,1,2,0,0,1
854,3,36,3,0,10875,0,4,2,2,0,2,2,0,2,1,2,2,2,1,0,0
855,3,24,2,0,1474,1,1,4,3,0,3,0,0,2,1,1,2,1,1,0,0
856,3,10,2,8,894,4,3,4,1,0,3,1,0,2,1,1,2,1,1,0,0
857,3,15,4,3,3343,0,2,4,2,0,2,3,0,2,2,1,2,1,1,0,0
858,0,15,2,0,3959,0,2,3,1,0,2,1,0,2,1,1,2,1,1,0,1
859,3,9,2,0,3577,1,2,1,2,2,2,0,0,2,0,1,2,2,0,1,0
860,3,24,4,1,5804,3,2,4,2,0,2,0,0,2,1,2,2,1,0,0,0
861,3,18,3,9,2169,0,2,4,3,0,2,2,0,2,1,1,2,1,1,0,1
862,0,24,2,4,2439,0,1,4,1,0,4,0,0,2,1,1,2,1,1,0,1
863,3,27,4,3,4526,3,1,4,2,0,2,0,0,1,1,2,1,2,1,0,0
864,3,10,2,3,2210,0,2,2,2,0,2,0,1,0,0,1,1,1,0,0,1
865,3,15,2,3,2221,2,2,2,1,0,4,2,1,2,0,1,2,1,0,0,0
866,0,18,2,4,2389,0,1,4,1,0,1,2,0,1,1,1,2,1,0,0,0
867,3,12,4,3,3331,0,4,2,2,0,4,1,0,1,1,1,2,1,0,0,0
868,3,36,2,9,7409,4,4,3,2,0,2,1,0,2,1,2,2,1,0,0,0
869,0,12,2,3,652,0,4,4,1,0,4,1,1,2,0,1,2,1,0,0,0
870,3,36,3,3,7678,2,3,2,1,0,4,2,0,2,1,2,2,1,1,0,0
871,2,6,4,0,1343,0,4,1,2,0,4,0,0,2,1,2,2,2,0,1,0
872,0,24,4,9,1382,1,3,4,2,0,1,0,0,2,1,2,2,1,1,0,0
873,3,15,2,5,874,4,1,4,1,0,1,0,1,2,1,1,2,1,0,0,0
874,0,12,2,3,3590,0,2,2,2,1,2,1,0,2,1,1,1,2,0,0,0
875,1,11,4,0,1322,3,2,4,1,0,4,2,0,2,1,2,2,1,0,0,0
876,0,18,1,4,1940,0,1,3,2,1,4,3,0,0,2,1,3,1,1,0,0
877,3,36,2,4,3595,0,4,4,2,0,2,2,0,2,1,1,2,1,0,0,0
878,0,9,2,0,1422,0,1,3,2,0,2,3,0,2,2,1,3,1,1,0,1
879,3,30,4,4,6742,4,3,2,2,0,3,1,0,2,1,2,2,1,0,0,0
880,3,24,2,1,7814,0,3,3,2,0,3,2,0,2,1,1,3,1,1,0,0
881,3,24,2,1,9277,4,2,2,0,0,4,3,0,2,2,1,2,1,1,0,0
882,1,30,4,0,2181,4,4,4,2,0,4,0,0,2,1,2,2,1,0,0,0
883,3,18,4,4,1098,0,0,4,1,0,4,2,0,2,1,2,0,1,0,0,0
884,1,24,2,3,4057,0,3,3,0,0,3,2,0,2,1,1,2,1,1,0,1
885,0,12,2,7,795,0,1,4,1,0,4,1,0,2,1,1,2,1,0,0,1
886,1,24,4,9,2825,4,3,4,2,0,3,3,0,2,1,2,2,2,1,0,0
887,1,48,2,9,15672,0,2,2,2,0,2,2,1,2,1,1,2,1,1,0,1
888,3,36,4,0,6614,0,4,4,2,0,4,2,0,2,1,2,3,1,1,0,0
889,3,28,1,1,7824,4,1,3,2,2,4,0,0,0,0,2,2,2,1,0,0
890,0,27,4,9,2442,0,4,4,2,0,4,2,0,1,1,4,3,2,1,0,0
891,3,15,4,4,1829,0,4,4,2,0,4,2,0,2,1,2,2,1,1,0,0
892,0,12,4,0,2171,0,2,4,2,0,4,1,0,0,1,2,1,1,0,1,0
893,1,36,4,1,5800,0,2,3,2,0,4,2,0,2,1,2,2,1,1,0,0
894,3,18,4,4,1169,4,2,4,2,0,3,1,0,2,1,2,2,1,1,0,0
895,3,36,3,1,8947,4,3,3,2,0,2,2,0,1,1,1,3,2,1,0,0
896,0,21,2,4,2606,0,1,4,1,0,4,1,0,2,0,1,3,1,1,0,0
897,3,12,4,3,1592,3,3,3,1,0,2,1,0,2,1,1,2,1,0,1,0
898,3,15,2,3,2186,4,3,1,1,0,4,0,0,0,0,1,1,1,0,0,0
899,0,18,2,3,4153,0,2,2,2,1,3,2,0,2,1,1,2,1,0,0,1
900,0,16,4,0,2625,0,4,2,2,2,4,1,0,0,0,1,2,1,1,0,1
901,3,20,4,0,3485,4,1,2,0,0,4,0,0,2,1,2,2,1,1,0,0
902,3,36,4,1,10477,4,4,2,2,0,4,3,0,2,2,2,2,1,0,0,0
903,3,15,2,4,1386,4,2,4,3,0,2,0,0,2,0,1,2,1,1,0,0
904,3,24,2,4,1278,0,4,4,2,0,1,0,0,2,1,1,3,1,1,0,0
905,0,12,2,4,1107,0,2,2,2,0,2,0,1,2,0,1,3,2,1,0,0
906,0,21,2,0,3763,4,3,2,2,1,2,0,1,2,1,1,1,1,0,1,0
907,1,36,2,7,3711,4,2,2,3,0,2,2,0,2,1,1,2,1,0,0,0
908,3,15,3,1,3594,0,1,1,1,0,2,1,0,2,1,2,1,1,0,0,0
909,1,9,2,0,3195,4,2,1,1,0,2,0,0,2,1,1,1,1,0,0,0
910,3,36,3,4,4454,0,2,4,1,0,4,0,0,2,1,2,2,1,0,0,0
911,1,24,4,3,4736,0,1,2,1,0,4,2,1,0,1,1,1,1,0,0,1
912,1,30,2,4,2991,4,4,2,1,0,4,2,1,2,1,1,2,1,0,0,0
913,3,11,2,9,2142,3,4,1,0,0,2,0,0,2,1,1,2,1,1,0,0
914,0,24,1,9,3161,0,2,4,2,0,2,1,0,2,0,1,2,1,1,0,1
915,1,48,0,2,18424,0,2,1,1,0,2,1,0,0,1,1,3,1,1,1,1
916,3,10,2,1,2848,1,2,1,2,1,2,0,0,2,1,1,2,2,0,0,0
917,0,6,2,0,14896,0,4,1,2,0,4,3,0,0,1,1,3,1,1,0,1
918,0,24,2,3,2359,1,0,1,0,0,1,1,0,2,1,1,2,1,0,0,1
919,0,24,2,3,3345,0,4,4,2,0,2,1,0,2,0,1,3,1,1,0,1
920,3,18,4,3,1817,0,2,4,1,0,2,3,0,2,1,2,2,1,0,0,0
921,3,48,3,4,12749,2,3,4,2,0,1,2,0,2,1,1,3,1,1,0,0
922,0,9,2,4,1366,0,1,3,1,0,4,1,1,2,0,1,2,1,0,0,1
923,1,12,2,0,2002,0,3,3,2,0,4,1,0,2,0,1,2,2,1,0,0
924,0,24,1,3,6872,0,1,2,0,0,1,1,0,0,1,1,2,1,1,0,1
925,0,12,1,0,697,0,1,4,2,0,2,2,0,0,1,2,2,1,1,0,1
926,0,18,4,3,1049,0,1,4,1,0,4,1,1,2,0,1,2,1,0,0,0
927,0,48,2,1,10297,0,3,4,2,0,4,3,0,1,2,3,2,2,1,0,1
928,3,30,2,4,1867,4,4,4,2,0,4,2,0,2,1,1,2,1,1,0,0
929,0,12,3,0,1344,0,2,4,2,0,2,0,0,2,1,2,1,2,0,0,0
930,0,24,2,3,1747,0,1,4,2,1,1,1,1,2,1,1,1,1,0,1,0
931,1,9,2,4,1670,0,1,4,1,0,2,2,1,2,1,1,2,1,1,0,1
932,3,9,4,0,1224,0,2,3,2,0,1,0,0,2,1,2,2,1,0,0,0
933,3,12,4,4,522,2,4,4,2,0,4,1,0,2,1,2,2,2,1,0,0
934,0,12,2,4,1498,0,2,4,1,0,1,2,1,0,1,1,2,1,0,0,0
935,1,30,3,4,1919,1,1,4,2,0,3,3,0,1,1,2,3,1,0,0,1
936,2,9,2,4,745,0,2,3,1,0,2,0,0,2,1,1,1,1,0,0,1
937,1,6,2,4,2063,0,1,4,3,0,3,2,0,2,0,1,3,1,1,0,0
938,1,60,2,7,6288,0,2,4,2,0,4,3,0,2,2,1,2,1,0,0,1
939,3,24,4,1,6842,4,2,2,2,0,4,1,0,2,1,2,3,2,1,0,0
940,3,12,2,0,3527,4,1,2,2,0,3,1,0,2,1,1,3,2,1,0,0
941,3,10,2,0,1546,0,2,3,2,0,2,0,0,2,1,1,1,2,0,1,0
942,3,24,2,3,929,4,3,4,2,0,2,2,0,1,1,1,2,1,1,0,0
943,3,4,4,0,1455,0,3,2,2,0,1,0,0,2,1,3,1,2,0,0,0
944,0,15,2,3,1845,0,1,4,1,2,1,1,0,2,0,1,2,1,0,0,0
945,1,48,0,0,8358,2,1,1,1,0,1,2,0,2,1,2,2,1,0,0,0
946,0,24,1,3,3349,2,1,4,2,0,4,3,0,2,2,1,2,2,1,0,1
947,3,12,2,0,2859,4,0,4,2,0,4,3,0,2,1,1,3,1,1,0,0
948,3,18,2,3,1533,0,1,4,3,1,1,1,0,2,1,1,1,2,0,0,1
949,3,24,2,4,3621,1,4,2,2,0,4,2,0,2,1,2,2,1,0,0,1
950,1,18,4,9,3590,0,0,3,3,0,3,2,0,2,1,3,0,2,1,0,0
951,0,36,3,9,2145,0,3,2,2,0,1,2,1,2,1,2,2,1,1,0,1
952,1,24,2,1,4113,2,1,3,1,0,4,2,0,2,0,1,2,1,0,0,1
953,3,36,2,3,10974,0,0,4,1,0,2,2,0,2,1,2,3,1,1,0,1
954,0,12,2,0,1893,0,2,4,1,2,4,1,0,2,1,1,2,1,1,0,0
955,0,24,4,4,1231,3,4,4,1,0,4,1,0,2,0,2,3,1,1,0,0
956,2,30,4,4,3656,4,4,4,2,0,4,1,0,1,1,2,1,1,0,0,0
957,1,9,4,4,1154,0,4,2,2,0,4,0,0,2,1,3,1,1,0,0,0
958,0,28,2,0,4006,0,2,3,2,0,2,2,0,2,1,1,1,1,0,0,1
959,1,24,2,3,3069,1,4,4,2,0,4,3,0,2,2,1,2,1,0,0,0
960,3,6,4,4,1740,0,4,2,3,0,2,0,0,2,0,2,2,1,0,0,0
961,1,21,3,0,2353,0,2,1,0,0,4,1,0,2,1,2,2,1,0,0,0
962,3,15,2,0,3556,4,2,3,2,0,2,3,0,2,1,1,2,1,0,0,0
963,3,24,2,4,2397,2,4,3,2,0,2,2,0,0,1,2,2,1,1,0,1
964,1,6,2,6,454,0,1,3,3,0,1,1,1,2,1,1,1,1,0,0,0
965,1,30,2,4,1715,4,2,4,1,0,1,2,0,2,1,1,2,1,0,0,0
966,1,27,4,4,2520,2,2,4,2,0,2,1,1,2,1,2,1,1,0,0,1
967,3,15,2,4,3568,0,4,4,1,0,2,2,0,0,0,1,3,1,1,0,0
968,3,42,2,4,7166,4,3,2,3,0,4,1,0,2,0,1,2,1,1,0,0
969,0,11,4,0,3939,0,2,1,2,0,2,0,0,2,1,2,1,2,0,0,0
970,1,15,2,6,1514,1,2,4,2,2,2,0,1,2,1,1,2,1,0,0,0
971,3,24,2,0,7393,0,2,1,2,0,4,1,0,2,1,1,1,2,0,0,0
972,0,24,1,0,1193,0,0,1,1,1,4,3,0,2,0,2,0,1,0,0,1
973,0,60,2,9,7297,0,4,4,2,1,4,3,0,2,0,1,2,1,0,0,1
974,3,30,4,4,2831,0,2,4,1,0,2,2,0,2,1,1,2,1,1,0,0
975,2,24,2,4,1258,2,2,3,1,0,3,2,0,2,1,1,1,1,0,0,0
976,1,6,2,4,753,0,2,2,1,2,3,0,0,2,1,1,2,1,0,0,0
977,1,18,3,9,2427,4,4,4,2,0,2,1,0,2,1,2,2,1,0,0,0
978,3,24,3,0,2538,0,4,4,2,0,4,2,0,2,1,2,1,2,0,0,1
979,1,15,1,0,1264,1,2,2,3,0,2,1,1,2,0,1,2,1,0,0,1
980,1,30,4,3,8386,0,3,2,2,0,2,1,0,2,1,1,2,1,0,0,1
981,3,48,2,9,4844,0,0,3,2,0,2,2,0,0,0,1,3,1,1,0,1
982,2,21,2,0,2923,1,2,1,1,0,1,2,0,0,1,1,3,1,1,0,0
983,0,36,2,1,8229,0,2,2,2,0,2,1,0,2,1,1,2,2,0,0,1
984,3,24,4,3,2028,0,3,2,2,0,2,1,0,2,1,2,1,1,0,0,0
985,0,15,4,3,1433,0,2,4,1,0,3,1,1,2,0,2,2,1,0,0,0
986,2,42,0,9,6289,0,1,2,0,0,1,1,0,2,1,2,2,1,0,0,0
987,3,13,2,4,1409,1,0,2,1,0,4,0,0,2,1,1,2,1,0,0,0
988,0,24,2,1,6579,0,0,4,2,0,2,3,0,2,2,1,3,1,1,0,0
989,1,24,4,4,1743,0,4,4,2,0,2,1,0,2,1,2,1,1,0,0,0
990,3,12,4,7,3565,4,1,2,2,0,1,1,0,2,1,2,1,2,0,0,0
991,3,15,1,4,1569,1,4,4,2,0,4,2,0,0,1,1,1,2,0,0,0
992,0,18,2,4,1936,4,3,2,3,0,4,2,1,2,0,2,1,1,0,0,0
993,0,36,2,3,3959,0,0,4,2,0,3,1,0,2,1,1,3,1,1,0,0
994,3,12,2,0,2390,4,4,4,2,0,3,2,0,2,1,1,2,1,1,0,0
995,3,12,2,3,1736,0,3,3,1,0,4,0,0,2,1,1,1,1,0,0,0
996,0,30,2,1,3857,0,2,4,0,0,4,1,0,2,1,1,3,1,1,0,0
997,3,12,2,4,804,0,4,4,2,0,4,2,0,2,1,1,2,1,0,0,0
998,0,45,2,4,1845,0,2,4,2,0,4,3,1,2,2,1,2,1,1,0,1
999,1,45,4,1,4576,1,0,3,2,0,4,2,0,2,1,1,2,1,0,0,0
