,Sex,Single,Unemployed,Age,Credit,LoanDuration,PurposeOfLoan,InstallmentRate,Housing,Label
0,1.0,1,0,67,1169,6,3,4,1.0,1
1,2.0,0,0,22,5951,48,3,2,1.0,0
2,1.0,1,0,49,2096,12,2,2,1.0,1
3,1.0,1,0,45,7882,42,4,2,3.0,1
4,1.0,1,0,53,4870,24,6,3,3.0,0
5,1.0,1,0,35,9055,36,2,2,3.0,1
6,1.0,1,0,53,2835,24,4,3,1.0,1
7,1.0,1,0,35,6948,36,10,2,2.0,1
8,1.0,0,0,61,3059,12,3,2,1.0,1
9,1.0,0,1,28,5234,30,6,4,1.0,0
10,2.0,0,0,25,1295,12,6,3,2.0,0
11,2.0,0,0,24,4308,48,1,3,2.0,0
12,2.0,0,0,22,1567,12,3,1,1.0,1
13,1.0,1,0,60,1199,24,6,4,1.0,0
14,2.0,0,0,28,1403,15,6,2,2.0,1
15,2.0,0,0,32,1282,24,3,4,1.0,0
16,1.0,1,0,53,2424,24,3,4,1.0,1
17,1.0,1,0,25,8072,30,1,2,1.0,1
18,2.0,0,0,44,12579,24,10,4,3.0,0
19,1.0,1,0,31,3430,24,3,3,1.0,1
20,1.0,1,0,48,2134,9,6,4,1.0,1
21,1.0,1,0,44,2647,6,3,2,2.0,1
22,1.0,1,0,48,2241,10,6,1,2.0,1
23,1.0,1,0,44,1804,12,10,3,1.0,1
24,1.0,0,0,26,2069,10,4,2,1.0,1
25,1.0,1,0,36,1374,6,4,1,1.0,1
26,1.0,0,0,39,426,6,3,4,1.0,1
27,2.0,0,0,42,409,12,3,3,2.0,1
28,1.0,1,0,34,2415,7,3,3,1.0,1
29,1.0,1,0,63,6836,60,1,3,1.0,0
30,1.0,0,0,36,1913,18,1,3,1.0,1
31,1.0,1,0,27,4020,24,4,2,1.0,1
32,1.0,1,0,30,5866,18,6,2,1.0,1
33,1.0,1,0,57,1264,12,1,4,2.0,1
34,2.0,0,0,33,1474,12,4,4,1.0,1
35,1.0,1,0,25,4746,45,3,4,1.0,0
36,1.0,1,0,31,6110,48,2,1,3.0,1
37,1.0,1,0,37,2100,18,3,4,1.0,0
38,1.0,1,0,37,1225,10,5,2,1.0,1
39,1.0,1,0,24,458,9,3,4,1.0,1
40,1.0,1,0,30,2333,30,3,4,1.0,1
41,1.0,0,0,26,1158,12,3,3,1.0,1
42,1.0,1,0,44,6204,18,8,2,1.0,1
43,1.0,0,0,24,6187,30,10,1,2.0,1
44,2.0,0,0,58,6143,48,10,4,3.0,0
45,2.0,0,0,35,1393,11,6,4,1.0,1
46,1.0,1,0,39,2299,36,3,4,1.0,1
47,2.0,0,1,23,1352,6,10,1,2.0,1
48,1.0,1,0,39,7228,11,6,1,1.0,1
49,2.0,0,0,28,2073,12,3,4,1.0,1
50,1.0,1,0,29,2333,24,4,4,1.0,1
51,1.0,1,0,30,5965,27,10,1,1.0,1
52,1.0,1,0,25,1262,12,3,3,1.0,1
53,1.0,1,0,31,3378,18,10,2,1.0,1
54,1.0,1,0,57,2225,36,6,4,3.0,0
55,1.0,1,0,26,783,6,6,1,1.0,1
56,1.0,1,1,52,6468,12,3,2,1.0,0
57,2.0,0,0,31,9566,36,3,2,1.0,1
58,2.0,0,0,23,1961,18,6,3,1.0,1
59,2.0,0,0,23,6229,36,4,4,2.0,0
60,1.0,0,0,27,1391,9,1,2,1.0,1
61,1.0,1,0,50,1537,15,3,4,1.0,1
62,1.0,1,0,61,1953,36,1,4,3.0,0
63,1.0,1,0,25,14421,48,1,2,1.0,0
64,2.0,0,0,26,3181,24,3,4,1.0,1
65,1.0,1,0,48,5190,27,8,4,1.0,1
66,2.0,0,0,29,2171,12,3,2,1.0,1
67,1.0,0,0,22,1007,12,6,4,1.0,1
68,1.0,1,0,37,1819,36,2,4,3.0,0
69,2.0,0,0,25,2394,36,3,4,1.0,1
70,2.0,0,0,30,8133,36,10,1,1.0,1
71,1.0,1,0,46,730,7,3,4,2.0,1
72,1.0,1,0,51,1164,8,7,3,3.0,1
73,2.0,0,0,41,5954,42,1,2,1.0,1
74,1.0,1,0,40,1977,36,2,4,1.0,0
75,1.0,1,0,66,1526,12,10,4,3.0,1
76,1.0,1,0,34,3965,42,3,4,1.0,0
77,1.0,1,0,51,4771,11,3,2,1.0,1
78,1.0,1,0,39,9436,54,10,2,1.0,1
79,1.0,0,0,22,3832,30,4,2,1.0,1
80,2.0,0,0,44,5943,24,3,1,1.0,0
81,1.0,1,0,47,1213,15,3,4,1.0,1
82,2.0,0,0,24,1568,18,1,3,2.0,1
83,2.0,0,0,58,1755,24,7,4,1.0,1
84,1.0,1,0,52,2315,10,3,3,1.0,1
85,2.0,0,0,29,1412,12,1,4,1.0,1
86,2.0,0,0,27,1295,18,4,4,1.0,1
87,1.0,1,0,47,12612,36,2,1,3.0,0
88,1.0,1,0,30,2249,18,6,4,1.0,1
89,1.0,1,0,28,1108,12,8,4,1.0,0
90,1.0,1,0,56,618,12,3,4,1.0,1
91,1.0,1,0,54,1409,12,10,4,1.0,1
92,2.0,0,0,33,797,12,3,4,1.0,0
93,1.0,1,0,20,3617,24,4,4,2.0,1
94,1.0,1,0,54,1318,12,6,4,1.0,1
95,1.0,1,0,58,15945,54,1,3,2.0,0
96,2.0,0,0,61,2012,12,2,4,1.0,1
97,1.0,1,0,34,2622,18,1,4,1.0,1
98,1.0,1,0,36,2337,36,3,4,1.0,1
99,1.0,1,0,36,7057,20,10,3,2.0,1
100,1.0,0,0,41,1469,24,6,4,2.0,1
101,1.0,1,0,24,2323,36,3,4,2.0,1
102,2.0,0,0,24,932,6,3,3,1.0,1
103,1.0,1,0,35,1919,9,4,4,2.0,1
104,1.0,0,0,26,2445,12,10,2,2.0,1
105,1.0,1,0,39,11938,24,7,2,1.0,0
106,1.0,1,0,39,6458,18,6,2,1.0,0
107,1.0,1,0,32,6078,12,6,2,1.0,1
108,2.0,0,0,30,7721,24,4,1,1.0,1
109,1.0,0,0,35,1410,14,1,1,1.0,1
110,1.0,0,0,31,1449,6,1,1,1.0,1
111,2.0,0,0,23,392,15,2,4,2.0,1
112,1.0,1,0,28,6260,18,6,3,2.0,1
113,2.0,0,0,25,7855,36,6,4,1.0,0
114,1.0,0,0,35,1680,12,3,3,1.0,1
115,1.0,1,0,47,3578,48,3,4,1.0,1
116,2.0,0,0,30,7174,42,3,4,1.0,0
117,2.0,0,0,27,2132,10,4,2,2.0,1
118,2.0,0,0,23,4281,33,4,1,1.0,0
119,1.0,0,0,36,2366,12,6,3,1.0,1
120,2.0,0,0,25,1835,21,3,3,1.0,0
121,2.0,0,0,41,3868,24,10,4,2.0,1
122,1.0,1,0,24,1768,12,4,3,2.0,1
123,1.0,1,0,63,781,10,6,4,3.0,1
124,2.0,0,0,27,1924,18,4,4,2.0,0
125,1.0,1,0,30,2121,12,6,4,1.0,1
126,1.0,0,0,40,701,12,3,4,1.0,1
127,1.0,1,0,30,639,12,8,4,1.0,0
128,1.0,1,1,34,1860,12,10,4,1.0,1
129,2.0,0,0,29,3499,12,6,3,1.0,0
130,2.0,0,0,24,8487,48,6,1,1.0,1
131,1.0,1,0,29,6887,36,2,4,1.0,0
132,1.0,1,0,27,2708,15,4,2,1.0,1
133,1.0,1,0,47,1984,18,4,4,3.0,1
134,2.0,0,0,21,10144,60,3,2,1.0,1
135,2.0,0,0,38,1240,12,3,4,1.0,1
136,1.0,1,0,27,8613,27,10,2,1.0,1
137,1.0,1,0,66,766,12,3,4,1.0,0
138,1.0,1,0,35,2728,15,3,4,1.0,1
139,2.0,0,0,44,1881,12,3,2,2.0,1
140,1.0,0,0,27,709,6,6,2,1.0,1
141,2.0,0,0,30,4795,36,3,4,1.0,1
142,1.0,1,0,27,3416,27,3,3,1.0,1
143,1.0,1,0,22,2462,18,4,2,1.0,0
144,2.0,0,0,23,2288,21,4,4,1.0,1
145,1.0,1,0,30,3566,48,1,4,1.0,1
146,2.0,0,0,39,860,6,6,1,1.0,1
147,2.0,0,0,51,682,12,6,4,1.0,1
148,1.0,1,0,28,5371,36,4,3,1.0,1
149,1.0,1,0,46,1582,18,3,4,1.0,1
150,1.0,1,0,42,1346,6,3,2,3.0,1
151,1.0,1,0,38,1924,10,3,1,1.0,1
152,1.0,1,0,24,5848,36,3,4,1.0,1
153,2.0,0,0,29,7758,24,10,2,2.0,1
154,1.0,1,0,36,6967,24,1,4,2.0,1
155,2.0,0,0,20,1282,12,4,2,2.0,0
156,1.0,1,0,48,1288,9,8,3,1.0,1
157,1.0,0,0,45,339,12,9,4,1.0,1
158,1.0,1,0,38,3512,24,6,2,1.0,1
159,1.0,1,0,34,1898,6,3,1,1.0,1
160,1.0,1,0,36,2872,24,3,3,1.0,1
161,2.0,0,0,30,1055,18,6,4,1.0,1
162,1.0,1,0,36,1262,15,5,4,1.0,1
163,1.0,1,1,70,7308,10,6,2,3.0,1
164,1.0,1,0,36,909,36,6,4,1.0,1
165,1.0,1,0,32,2978,6,4,1,1.0,1
166,2.0,0,1,33,1131,18,4,4,1.0,0
167,2.0,0,0,20,1577,11,4,4,1.0,1
168,2.0,0,0,25,3972,24,4,2,2.0,1
169,1.0,0,0,31,1935,24,1,4,1.0,0
170,1.0,1,0,33,950,15,6,4,2.0,0
171,2.0,0,0,26,763,12,4,4,1.0,1
172,2.0,0,1,34,2064,24,4,3,1.0,0
173,1.0,1,0,33,1414,8,3,4,1.0,1
174,1.0,1,0,26,3414,21,2,2,1.0,0
175,2.0,0,1,53,7485,30,10,4,1.0,0
176,1.0,0,0,42,2577,12,4,2,1.0,1
177,1.0,1,0,52,338,6,3,4,1.0,1
178,1.0,1,0,31,1963,12,3,4,2.0,1
179,1.0,1,0,65,571,21,6,4,1.0,1
180,1.0,0,0,28,9572,36,1,1,1.0,0
181,1.0,0,0,30,4455,36,1,2,1.0,0
182,1.0,1,0,40,1647,21,6,4,1.0,0
183,1.0,1,0,50,3777,24,4,4,1.0,1
184,1.0,1,0,36,884,18,6,4,1.0,0
185,1.0,1,0,31,1360,15,3,4,1.0,1
186,2.0,0,0,74,5129,9,10,2,3.0,0
187,1.0,1,1,68,1175,16,6,2,3.0,1
188,1.0,0,0,20,674,12,3,4,1.0,0
189,2.0,0,0,33,3244,18,4,1,1.0,1
190,1.0,1,0,54,4591,24,1,2,1.0,0
191,1.0,1,0,34,3844,48,1,4,3.0,0
192,1.0,1,0,36,3915,27,1,4,1.0,0
193,1.0,0,0,29,2108,6,3,2,2.0,1
194,1.0,1,0,21,3031,45,3,4,2.0,0
195,2.0,0,0,34,1501,9,2,2,1.0,0
196,2.0,0,0,28,1382,6,3,1,1.0,1
197,2.0,0,0,27,951,12,4,4,2.0,0
198,1.0,1,0,36,2760,24,10,4,3.0,1
199,1.0,0,0,40,4297,18,4,4,1.0,0
200,1.0,1,0,52,936,9,2,4,1.0,1
201,1.0,0,0,27,1168,12,6,4,1.0,1
202,1.0,1,0,26,5117,27,1,3,1.0,1
203,1.0,0,0,21,902,12,9,4,2.0,0
204,1.0,1,0,38,1495,12,6,4,1.0,1
205,1.0,1,0,38,10623,30,10,3,3.0,1
206,1.0,1,0,43,1935,12,4,4,1.0,1
207,1.0,1,0,26,1424,12,5,4,1.0,1
208,1.0,0,0,21,6568,24,1,2,1.0,1
209,1.0,1,0,55,1413,12,10,3,1.0,1
210,1.0,1,0,33,3074,9,3,1,1.0,1
211,2.0,0,0,45,3835,36,3,2,1.0,1
212,1.0,1,1,50,5293,27,1,2,1.0,0
213,1.0,1,0,66,1908,30,1,4,1.0,0
214,1.0,1,0,51,3342,36,3,4,1.0,1
215,2.0,0,0,39,932,6,9,1,1.0,1
216,1.0,1,0,31,3104,18,1,3,1.0,1
217,1.0,1,0,23,3913,36,3,2,1.0,1
218,1.0,0,0,24,3021,24,4,2,2.0,1
219,2.0,0,0,64,1364,10,6,2,1.0,1
220,1.0,0,0,26,625,12,3,4,1.0,1
221,2.0,0,0,23,1200,12,2,4,2.0,1
222,1.0,1,0,30,707,12,3,4,1.0,1
223,1.0,1,0,32,2978,24,1,4,1.0,1
224,1.0,1,0,30,4657,15,10,3,1.0,1
225,1.0,1,0,27,2613,36,8,4,1.0,1
226,1.0,1,0,27,10961,48,3,1,1.0,0
227,1.0,1,0,53,7865,12,4,4,3.0,0
228,1.0,1,0,22,1478,9,3,4,1.0,0
229,1.0,1,0,22,3149,24,4,4,3.0,1
230,1.0,1,0,26,4210,36,3,4,1.0,0
231,1.0,1,0,51,2507,9,6,2,3.0,1
232,1.0,1,0,35,2141,12,3,3,1.0,1
233,1.0,0,0,25,866,18,3,4,1.0,1
234,1.0,1,0,42,1544,4,3,2,1.0,1
235,1.0,1,1,30,1823,24,3,4,1.0,0
236,1.0,1,1,23,14555,6,6,1,1.0,0
237,1.0,0,0,61,2767,21,1,4,2.0,0
238,2.0,0,0,35,1291,12,3,4,1.0,1
239,1.0,1,0,39,2522,30,3,1,1.0,1
240,2.0,0,0,29,915,24,6,4,1.0,0
241,1.0,1,0,51,1595,6,3,3,1.0,1
242,1.0,1,0,24,4605,48,10,3,3.0,0
243,2.0,0,0,27,1185,12,1,3,1.0,1
244,2.0,0,0,35,3447,12,9,4,1.0,1
245,1.0,1,0,25,1258,24,1,4,1.0,1
246,1.0,1,0,52,717,12,3,4,1.0,1
247,1.0,1,0,35,1204,6,6,4,2.0,1
248,1.0,1,0,26,1925,24,4,2,1.0,1
249,2.0,0,1,22,433,18,3,3,2.0,0
250,2.0,0,0,39,666,6,6,3,1.0,1
251,2.0,0,0,46,2251,12,4,1,1.0,1
252,2.0,0,0,24,2150,30,6,4,1.0,0
253,1.0,1,0,35,4151,24,4,2,1.0,1
254,1.0,1,0,24,2030,9,4,2,1.0,1
255,1.0,1,0,27,7418,60,3,1,1.0,1
256,1.0,1,0,35,2684,24,3,4,1.0,1
257,1.0,0,0,29,2149,12,3,4,3.0,0
258,2.0,0,0,23,3812,15,10,1,1.0,1
259,2.0,0,1,57,1154,11,3,4,1.0,1
260,1.0,1,0,27,1657,12,4,2,1.0,1
261,2.0,0,0,55,1603,24,3,4,1.0,1
262,1.0,1,0,36,5302,18,6,2,3.0,1
263,2.0,0,0,57,2748,12,2,2,3.0,1
264,1.0,1,0,32,1231,10,6,3,1.0,1
265,1.0,1,0,37,802,15,3,4,1.0,0
266,1.0,1,0,36,6304,36,1,4,1.0,1
267,2.0,0,0,38,1533,24,3,4,1.0,1
268,1.0,0,0,45,8978,14,6,1,1.0,0
269,1.0,1,0,25,999,24,3,4,1.0,1
270,1.0,1,0,32,2662,18,6,4,1.0,1
271,2.0,0,0,37,1402,12,4,3,2.0,1
272,1.0,1,1,36,12169,48,6,4,3.0,1
273,1.0,1,0,28,3060,48,3,4,1.0,0
274,1.0,0,0,34,11998,30,8,1,1.0,0
275,1.0,1,0,32,2697,9,3,1,1.0,1
276,2.0,0,0,26,2404,18,3,2,1.0,1
277,1.0,0,0,49,1262,12,4,2,1.0,1
278,2.0,0,0,32,4611,6,4,1,1.0,0
279,1.0,1,0,29,1901,24,3,4,2.0,1
280,1.0,1,0,23,3368,15,10,3,2.0,1
281,1.0,1,0,50,1574,12,4,4,1.0,1
282,1.0,1,0,49,1445,18,3,4,1.0,1
283,1.0,1,0,63,1520,15,4,4,1.0,1
284,1.0,0,0,37,3878,24,6,4,1.0,1
285,2.0,0,0,35,10722,47,6,1,1.0,1
286,1.0,1,0,26,4788,48,10,4,1.0,1
287,1.0,1,1,31,7582,48,7,2,3.0,1
288,2.0,0,0,49,1092,12,3,4,1.0,1
289,1.0,0,0,48,1024,24,3,4,1.0,0
290,1.0,0,0,26,1076,12,1,2,1.0,1
291,1.0,0,0,28,9398,36,10,1,2.0,0
292,2.0,0,0,44,6419,24,10,2,3.0,1
293,1.0,1,0,56,4796,42,10,4,3.0,1
294,1.0,0,0,46,7629,48,1,4,1.0,1
295,2.0,0,0,26,9960,48,4,1,1.0,0
296,2.0,0,0,20,4675,12,10,1,2.0,1
297,1.0,1,0,45,1287,10,6,4,1.0,1
298,1.0,1,0,43,2515,18,4,3,1.0,1
299,1.0,1,0,32,2745,21,4,3,1.0,1
300,2.0,0,1,54,672,6,6,1,1.0,1
301,2.0,0,0,42,3804,36,3,4,1.0,0
302,1.0,1,0,37,1344,24,6,4,1.0,0
303,1.0,1,0,49,1038,10,6,4,1.0,1
304,1.0,1,0,44,10127,48,6,2,3.0,0
305,1.0,0,0,33,1543,6,4,4,1.0,1
306,2.0,0,0,24,4811,30,10,2,2.0,1
307,1.0,0,0,33,727,12,3,4,1.0,0
308,2.0,0,0,24,1237,8,4,3,1.0,0
309,1.0,0,0,22,276,9,6,4,2.0,1
310,1.0,1,1,40,5381,48,7,3,3.0,1
311,1.0,1,0,25,5511,24,4,4,1.0,1
312,2.0,0,0,26,3749,24,4,2,1.0,1
313,1.0,0,0,25,685,12,6,2,1.0,0
314,1.0,1,0,29,1494,4,6,1,1.0,1
315,1.0,1,0,31,2746,36,4,4,1.0,0
316,1.0,1,0,38,708,12,4,2,1.0,1
317,2.0,0,0,48,4351,24,4,1,1.0,1
318,1.0,1,0,32,701,12,2,4,1.0,1
319,2.0,0,0,27,3643,15,4,1,1.0,1
320,1.0,0,1,28,4249,30,6,4,1.0,0
321,1.0,0,0,32,1938,24,3,4,1.0,0
322,1.0,1,0,34,2910,24,10,2,3.0,1
323,1.0,1,0,28,2659,18,4,4,1.0,1
324,2.0,0,0,36,1028,18,6,4,1.0,1
325,1.0,1,0,39,3398,8,6,1,1.0,1
326,1.0,1,0,49,5801,12,4,2,2.0,1
327,2.0,0,0,34,1525,24,6,4,1.0,1
328,1.0,1,0,31,4473,36,3,4,1.0,1
329,1.0,1,0,28,1068,6,3,4,1.0,1
330,1.0,1,1,75,6615,24,10,2,3.0,1
331,2.0,0,0,30,1864,18,2,4,1.0,0
332,2.0,0,0,24,7408,60,6,4,1.0,0
333,2.0,0,0,24,11590,48,10,2,2.0,0
334,1.0,1,0,23,4110,24,4,3,2.0,0
335,1.0,0,0,44,3384,6,4,1,2.0,0
336,2.0,0,0,23,2101,13,3,2,1.0,1
337,2.0,0,0,24,1275,15,5,4,2.0,0
338,1.0,1,0,28,4169,24,4,4,1.0,1
339,1.0,0,0,31,1521,10,4,4,1.0,1
340,2.0,0,0,24,5743,24,2,2,3.0,1
341,2.0,0,0,26,3599,21,4,1,2.0,1
342,1.0,0,0,25,3213,18,3,1,2.0,1
343,1.0,1,0,33,4439,18,1,1,1.0,1
344,1.0,1,0,37,3949,10,6,1,1.0,1
345,2.0,0,0,43,1459,15,3,4,1.0,1
346,1.0,1,0,23,882,13,3,4,1.0,1
347,2.0,0,1,23,3758,24,3,1,2.0,1
348,1.0,1,0,34,1743,6,1,1,1.0,1
349,1.0,1,0,32,1136,9,2,4,3.0,0
350,2.0,0,0,23,1236,9,5,1,2.0,1
351,2.0,0,0,29,959,9,4,1,1.0,0
352,1.0,1,1,38,3229,18,10,2,1.0,1
353,1.0,1,0,28,6199,12,3,4,2.0,0
354,1.0,1,0,46,727,10,2,4,3.0,1
355,1.0,1,0,23,1246,24,6,4,1.0,0
356,1.0,1,0,49,2331,12,3,1,1.0,1
357,1.0,1,0,26,4463,36,3,4,1.0,0
358,1.0,0,0,28,776,12,3,4,1.0,1
359,2.0,0,0,23,2406,30,4,4,2.0,0
360,1.0,1,0,61,1239,18,2,4,3.0,1
361,1.0,1,0,37,3399,12,3,2,1.0,1
362,2.0,0,0,36,2247,12,6,2,1.0,1
363,1.0,0,0,21,1766,6,4,1,2.0,1
364,1.0,1,1,25,2473,18,4,4,1.0,0
365,1.0,1,0,36,1542,12,1,2,1.0,1
366,1.0,1,0,27,3850,18,10,3,1.0,1
367,2.0,0,0,22,3650,18,4,1,2.0,1
368,1.0,1,0,42,3446,36,4,4,1.0,0
369,2.0,0,0,40,3001,18,4,2,2.0,1
370,1.0,1,0,36,3079,36,6,4,1.0,1
371,1.0,1,0,33,6070,18,3,3,1.0,1
372,2.0,0,0,23,2146,10,4,1,2.0,1
373,1.0,1,0,63,13756,60,6,2,3.0,1
374,2.0,0,0,60,14782,60,7,3,3.0,0
375,2.0,0,0,37,7685,48,1,2,2.0,0
376,1.0,0,1,34,2320,18,3,2,1.0,1
377,1.0,1,0,36,846,7,3,3,3.0,1
378,1.0,1,0,57,14318,36,6,4,3.0,0
379,2.0,0,0,52,362,6,6,4,1.0,1
380,1.0,1,0,39,2212,20,4,4,1.0,1
381,2.0,0,1,38,12976,18,10,3,3.0,0
382,2.0,0,0,25,1283,22,6,4,2.0,1
383,1.0,1,0,26,1330,12,6,4,1.0,1
384,1.0,1,0,26,4272,30,1,2,1.0,1
385,2.0,0,0,25,2238,18,3,2,1.0,1
386,2.0,0,0,21,1126,18,3,4,2.0,1
387,1.0,1,1,40,7374,18,4,4,1.0,1
388,1.0,1,0,27,2326,15,1,2,1.0,1
389,2.0,0,0,27,1449,9,1,3,1.0,1
390,1.0,0,0,30,1820,18,6,2,1.0,1
391,2.0,0,0,19,983,12,4,1,2.0,1
392,1.0,1,0,39,3249,36,6,2,3.0,1
393,2.0,0,0,31,1957,6,3,1,1.0,1
394,1.0,1,1,31,2406,9,4,2,1.0,1
395,1.0,1,0,32,11760,39,2,2,2.0,1
396,2.0,0,1,55,2578,12,4,3,3.0,1
397,1.0,0,0,46,2348,36,4,3,1.0,1
398,1.0,0,0,46,1223,12,6,1,2.0,0
399,2.0,0,0,43,1516,24,3,4,1.0,1
400,1.0,0,0,39,1473,18,3,3,1.0,1
401,1.0,0,0,28,1887,18,1,4,1.0,1
402,1.0,1,0,27,8648,24,1,2,1.0,0
403,1.0,1,0,27,802,14,6,4,1.0,1
404,1.0,1,0,43,2899,18,6,4,1.0,1
405,1.0,0,0,22,2039,24,3,1,1.0,0
406,1.0,1,0,43,2197,24,10,4,1.0,1
407,1.0,0,0,27,1053,15,3,4,1.0,1
408,1.0,0,0,26,3235,24,3,3,1.0,1
409,1.0,0,0,28,939,12,6,4,1.0,0
410,2.0,0,0,20,1967,24,3,4,1.0,1
411,1.0,1,0,35,7253,33,10,3,1.0,1
412,1.0,1,1,42,2292,12,1,4,1.0,0
413,1.0,1,0,40,1597,10,6,3,2.0,1
414,2.0,0,0,35,1381,24,6,4,1.0,0
415,1.0,1,0,35,5842,36,10,2,1.0,1
416,1.0,1,0,33,2579,12,6,4,1.0,0
417,2.0,0,0,23,8471,18,2,1,2.0,1
418,2.0,0,0,31,2782,21,6,1,1.0,1
419,2.0,0,0,33,1042,18,6,4,1.0,0
420,2.0,0,0,20,3186,15,6,2,2.0,1
421,1.0,1,0,30,2028,12,10,4,1.0,1
422,1.0,1,0,47,958,12,6,2,1.0,1
423,1.0,1,0,34,1591,21,4,4,1.0,1
424,2.0,0,0,25,2762,12,4,1,1.0,0
425,1.0,0,0,21,2779,18,10,1,2.0,1
426,1.0,1,0,29,2743,28,3,4,1.0,1
427,1.0,1,0,46,1149,18,3,4,1.0,1
428,1.0,1,0,20,1313,9,4,1,1.0,1
429,2.0,0,1,55,1190,18,8,2,3.0,0
430,1.0,1,0,74,3448,5,1,1,1.0,1
431,1.0,1,0,29,11328,24,7,2,1.0,0
432,1.0,1,1,36,1872,6,4,4,3.0,1
433,1.0,0,0,33,2058,24,8,4,1.0,1
434,1.0,1,0,25,2136,9,4,3,1.0,1
435,1.0,0,0,25,1484,12,3,2,1.0,0
436,1.0,0,0,23,660,6,8,2,2.0,1
437,2.0,0,0,37,1287,24,6,4,1.0,1
438,1.0,1,1,65,3394,42,8,4,1.0,1
439,2.0,0,0,26,609,12,1,4,1.0,0
440,1.0,1,0,39,1884,12,6,4,1.0,1
441,2.0,0,0,30,1620,12,4,2,1.0,1
442,1.0,1,0,29,2629,20,7,2,1.0,1
443,1.0,1,0,41,719,12,2,4,1.0,0
444,2.0,0,0,30,5096,48,4,2,1.0,0
445,2.0,0,0,41,1244,9,2,4,2.0,1
446,2.0,0,0,34,1842,36,6,4,1.0,0
447,1.0,1,0,35,2576,7,3,2,1.0,1
448,2.0,0,0,55,1424,12,4,3,1.0,1
449,1.0,0,0,61,1512,15,8,3,1.0,0
450,1.0,1,0,30,11054,36,10,4,1.0,1
451,2.0,0,0,29,518,6,3,3,1.0,1
452,1.0,1,0,34,2759,12,4,2,1.0,1
453,1.0,1,0,35,2670,24,10,4,1.0,1
454,1.0,1,0,31,4817,24,6,2,1.0,0
455,2.0,0,0,29,2679,24,10,4,1.0,1
456,1.0,1,0,36,3905,11,6,2,2.0,1
457,1.0,1,0,35,3386,12,10,3,3.0,0
458,2.0,0,0,27,343,6,5,4,1.0,1
459,1.0,1,0,32,4594,18,3,3,1.0,1
460,1.0,1,0,37,3620,36,4,1,1.0,1
461,1.0,1,0,36,1721,15,6,2,1.0,1
462,2.0,0,0,34,3017,12,4,3,2.0,1
463,1.0,1,0,38,754,12,9,4,1.0,1
464,1.0,1,0,34,1950,18,1,4,1.0,1
465,1.0,1,0,63,2924,24,10,3,1.0,1
466,2.0,0,0,29,1659,24,3,4,2.0,0
467,1.0,1,0,32,7238,48,3,3,1.0,1
468,2.0,0,0,26,2764,33,1,2,1.0,1
469,1.0,1,0,35,4679,24,10,3,1.0,1
470,1.0,0,0,22,3092,24,3,3,2.0,0
471,2.0,0,0,23,448,6,2,4,1.0,0
472,1.0,1,0,28,654,9,6,4,1.0,0
473,1.0,1,1,36,1238,6,9,4,1.0,1
474,1.0,0,0,33,1245,18,3,4,1.0,0
475,2.0,0,0,26,3114,18,4,1,2.0,0
476,1.0,1,0,24,2569,39,10,4,1.0,1
477,1.0,1,0,25,5152,24,3,4,1.0,1
478,1.0,1,0,39,1037,12,1,3,1.0,1
479,1.0,1,0,44,1478,15,4,4,1.0,1
480,2.0,0,0,23,3573,12,3,1,1.0,1
481,1.0,1,0,26,1201,24,6,4,1.0,1
482,2.0,0,0,57,3622,30,4,4,2.0,1
483,2.0,0,0,30,960,15,4,3,1.0,1
484,1.0,1,0,44,1163,12,6,4,1.0,1
485,1.0,1,1,47,1209,6,6,4,1.0,0
486,1.0,1,0,52,3077,12,3,2,1.0,1
487,2.0,0,0,62,3757,24,6,4,3.0,1
488,1.0,1,0,35,1418,10,6,3,2.0,1
489,1.0,1,0,26,3518,6,6,2,2.0,1
490,1.0,1,0,26,1934,12,3,2,1.0,1
491,2.0,0,0,42,8318,27,1,2,3.0,0
492,2.0,0,0,27,1237,6,3,1,1.0,1
493,1.0,1,0,38,368,6,3,4,1.0,1
494,1.0,1,0,39,2122,12,6,3,2.0,1
495,1.0,0,0,20,2996,24,4,2,1.0,0
496,1.0,1,0,29,9034,36,4,4,2.0,0
497,1.0,1,0,40,1585,24,4,4,1.0,1
498,1.0,0,0,32,1301,18,3,4,1.0,1
499,1.0,0,0,28,1323,6,6,2,1.0,1
500,2.0,0,0,27,3123,24,6,4,1.0,0
501,1.0,1,0,42,5493,36,10,2,3.0,1
502,1.0,0,0,49,1126,9,3,2,1.0,1
503,1.0,1,0,38,1216,24,3,4,1.0,0
504,2.0,0,0,24,1207,24,6,4,2.0,0
505,1.0,1,0,27,1309,10,6,4,1.0,0
506,1.0,1,0,36,2360,15,10,2,1.0,1
507,1.0,1,1,34,6850,15,6,1,1.0,0
508,1.0,0,0,28,1413,24,3,4,1.0,1
509,1.0,1,0,45,8588,39,10,4,1.0,1
510,1.0,1,0,26,759,12,6,4,1.0,0
511,1.0,1,0,32,4686,36,10,2,3.0,1
512,1.0,1,0,26,2687,15,1,2,2.0,1
513,1.0,0,0,20,585,12,3,4,2.0,1
514,1.0,1,0,54,2255,24,6,4,1.0,1
515,2.0,0,0,37,609,6,6,4,1.0,1
516,1.0,1,0,40,1361,6,6,2,1.0,1
517,2.0,0,0,23,7127,36,4,2,2.0,0
518,1.0,1,0,43,1203,6,6,3,1.0,1
519,1.0,1,0,36,700,6,3,4,3.0,1
520,1.0,1,0,44,5507,24,8,3,3.0,1
521,2.0,0,0,24,3190,18,3,2,1.0,0
522,1.0,1,0,53,7119,48,4,3,3.0,0
523,2.0,0,0,23,3488,24,10,3,1.0,1
524,2.0,0,0,26,1113,18,3,4,1.0,1
525,1.0,1,0,30,7966,26,10,2,1.0,1
526,2.0,0,0,31,1532,15,2,4,1.0,1
527,1.0,1,0,42,1503,4,3,2,1.0,1
528,1.0,0,0,31,2302,36,3,4,2.0,0
529,1.0,1,0,41,662,6,6,3,1.0,1
530,1.0,1,0,32,2273,36,2,3,1.0,1
531,2.0,0,0,28,2631,15,6,2,2.0,0
532,1.0,0,0,41,1503,12,10,4,2.0,1
533,1.0,0,0,26,1311,24,3,4,1.0,1
534,1.0,1,0,25,3105,24,3,4,1.0,1
535,1.0,0,0,33,2319,21,2,2,2.0,0
536,2.0,0,1,75,1374,6,6,4,1.0,1
537,2.0,0,0,37,3612,18,4,3,1.0,1
538,1.0,1,0,42,7763,48,6,4,3.0,0
539,2.0,0,0,45,3049,18,4,1,1.0,1
540,1.0,0,0,23,1534,12,3,1,2.0,0
541,1.0,1,0,60,2032,24,6,4,3.0,1
542,1.0,1,0,31,6350,30,4,4,1.0,0
543,1.0,1,0,34,2864,18,4,2,1.0,0
544,1.0,1,0,61,1255,12,6,4,1.0,1
545,1.0,1,1,43,1333,24,6,4,3.0,0
546,2.0,0,0,37,2022,24,6,4,1.0,1
547,1.0,1,0,32,1552,24,3,3,1.0,1
548,2.0,0,0,24,626,12,3,4,1.0,0
549,1.0,1,0,35,8858,48,10,2,3.0,1
550,2.0,0,0,23,996,12,8,4,1.0,1
551,1.0,1,0,45,1750,6,3,2,1.0,1
552,1.0,0,0,34,6999,48,3,1,1.0,0
553,1.0,1,0,27,1995,12,6,4,1.0,1
554,2.0,0,0,67,1199,9,2,4,1.0,1
555,1.0,1,0,22,1331,12,3,2,1.0,0
556,2.0,0,0,28,2278,18,6,3,1.0,0
557,2.0,0,0,29,5003,21,6,1,1.0,0
558,1.0,1,0,27,3552,24,4,3,1.0,0
559,1.0,1,0,31,1928,18,4,2,1.0,0
560,1.0,1,0,49,2964,24,10,4,3.0,1
561,1.0,1,0,24,1546,24,3,4,2.0,0
562,2.0,0,0,29,683,6,3,2,1.0,1
563,1.0,1,0,37,12389,36,6,1,3.0,0
564,1.0,1,0,37,4712,24,1,4,1.0,1
565,2.0,0,0,23,1553,24,3,3,2.0,1
566,1.0,0,0,36,1372,12,6,2,1.0,0
567,1.0,1,0,34,2578,24,3,2,1.0,1
568,1.0,1,0,41,3979,48,3,4,1.0,1
569,2.0,0,0,31,6758,48,3,3,1.0,0
570,2.0,0,0,23,3234,24,4,4,2.0,0
571,1.0,1,0,38,5954,30,3,3,1.0,1
572,2.0,0,1,26,5433,24,10,2,2.0,1
573,2.0,0,0,22,806,15,1,4,1.0,1
574,1.0,1,0,27,1082,9,3,4,1.0,1
575,2.0,0,0,24,2788,15,4,2,1.0,1
576,2.0,0,0,27,2930,12,3,2,1.0,1
577,2.0,0,0,33,1927,24,2,3,1.0,1
578,1.0,0,0,27,2820,36,6,4,1.0,0
579,1.0,0,0,27,937,24,9,4,1.0,1
580,1.0,1,0,30,1056,18,6,3,1.0,0
581,1.0,1,0,49,3124,12,6,1,1.0,1
582,2.0,0,0,26,1388,9,4,4,2.0,1
583,1.0,1,0,33,2384,36,8,4,2.0,0
584,2.0,0,0,52,2133,12,6,4,3.0,1
585,2.0,0,0,20,2039,18,4,1,2.0,0
586,1.0,1,0,36,2799,9,6,2,2.0,1
587,1.0,1,0,21,1289,12,4,4,1.0,1
588,1.0,0,0,47,1217,18,5,4,1.0,0
589,1.0,1,0,60,2246,12,4,3,1.0,0
590,2.0,0,0,58,385,12,3,4,1.0,1
591,2.0,0,0,42,1965,24,6,4,2.0,1
592,2.0,0,0,36,1572,21,1,4,1.0,1
593,2.0,0,0,20,2718,24,6,3,2.0,0
594,1.0,1,0,40,1358,24,7,4,1.0,0
595,2.0,0,0,32,931,6,6,1,1.0,0
596,2.0,0,0,23,1442,24,6,4,2.0,0
597,1.0,1,0,36,4241,24,1,1,1.0,0
598,1.0,1,0,31,2775,18,6,2,1.0,0
599,1.0,1,0,32,3863,24,1,1,3.0,1
600,2.0,0,0,45,2329,7,3,1,1.0,1
601,2.0,0,0,30,918,9,4,4,1.0,0
602,2.0,0,0,34,1837,24,2,4,3.0,0
603,2.0,0,0,28,3349,36,4,4,1.0,0
604,2.0,0,0,23,1275,10,4,4,1.0,1
605,1.0,1,0,22,2828,24,4,4,1.0,1
606,1.0,1,0,74,4526,24,1,3,1.0,1
607,2.0,0,0,50,2671,36,3,4,3.0,0
608,1.0,1,0,33,2051,18,3,4,1.0,1
609,1.0,1,0,45,1300,15,10,4,3.0,1
610,2.0,0,1,22,741,12,5,4,1.0,0
611,2.0,0,0,48,1240,10,6,1,3.0,0
612,2.0,0,0,29,3357,21,3,4,1.0,1
613,2.0,0,0,22,3632,24,10,1,2.0,1
614,2.0,0,0,22,1808,18,4,4,1.0,0
615,1.0,1,0,48,12204,48,1,2,1.0,1
616,1.0,1,0,27,9157,60,3,2,3.0,1
617,1.0,1,0,37,3676,6,6,1,2.0,1
618,2.0,0,0,21,3441,30,4,2,2.0,0
619,1.0,0,0,49,640,12,6,4,1.0,1
620,1.0,1,0,27,3652,21,1,2,1.0,1
621,1.0,1,0,32,1530,18,6,3,1.0,0
622,1.0,0,0,38,3914,48,1,4,1.0,0
623,2.0,0,0,22,1858,12,4,4,2.0,1
624,1.0,1,0,65,2600,18,3,4,3.0,0
625,1.0,1,0,35,1979,15,3,4,1.0,1
626,1.0,1,0,41,2116,6,4,2,1.0,1
627,1.0,1,0,29,1437,9,6,2,1.0,0
628,1.0,1,0,36,4042,42,4,4,1.0,1
629,1.0,1,0,64,3832,9,2,1,1.0,1
630,2.0,0,0,28,3660,24,3,2,1.0,1
631,1.0,1,0,44,1553,18,4,4,1.0,0
632,1.0,1,0,23,1444,15,3,4,1.0,1
633,2.0,0,0,19,1980,9,4,2,2.0,0
634,2.0,0,0,25,1355,24,6,3,1.0,0
635,1.0,1,0,47,1393,12,2,4,1.0,1
636,2.0,0,0,28,1376,24,3,4,1.0,1
637,1.0,1,0,21,15653,60,3,2,1.0,1
638,2.0,0,0,34,1493,12,3,4,1.0,1
639,1.0,1,0,26,4370,42,3,3,1.0,0
640,2.0,0,1,27,750,18,2,4,1.0,0
641,1.0,1,0,38,1308,15,8,4,1.0,1
642,1.0,1,0,40,4623,15,2,3,1.0,0
643,1.0,0,0,33,1851,24,3,4,1.0,1
644,1.0,0,0,32,1880,18,3,4,1.0,1
645,1.0,1,0,27,7980,36,1,4,2.0,0
646,1.0,0,0,32,4583,30,4,2,1.0,1
647,2.0,0,0,26,1386,12,6,2,1.0,0
648,1.0,1,0,38,947,24,6,4,3.0,0
649,1.0,1,0,40,684,12,2,4,2.0,0
650,1.0,1,0,50,7476,48,2,4,3.0,1
651,1.0,1,0,37,1922,12,4,4,1.0,0
652,1.0,1,0,45,2303,24,6,4,1.0,0
653,1.0,1,0,42,8086,36,6,2,1.0,0
654,1.0,1,0,35,2346,24,10,4,1.0,1
655,1.0,1,1,22,3973,14,6,1,3.0,1
656,1.0,1,0,41,888,12,6,4,1.0,0
657,1.0,1,0,37,10222,48,3,4,1.0,1
658,2.0,0,0,28,4221,30,1,2,1.0,1
659,1.0,1,0,41,6361,18,4,2,1.0,1
660,1.0,0,0,23,1297,12,3,3,2.0,1
661,1.0,0,0,23,900,12,6,4,1.0,0
662,1.0,1,0,50,2241,21,4,4,1.0,1
663,1.0,1,1,35,1050,6,4,4,1.0,1
664,2.0,0,0,50,1047,6,2,2,1.0,1
665,1.0,1,1,27,6314,24,7,4,1.0,1
666,1.0,1,0,34,3496,30,4,4,1.0,1
667,2.0,0,0,27,3609,48,1,1,1.0,1
668,1.0,1,0,43,4843,12,6,3,2.0,0
669,1.0,1,0,47,3017,30,3,4,1.0,1
670,1.0,1,0,27,4139,24,1,3,1.0,1
671,1.0,1,0,31,5742,36,1,2,1.0,1
672,1.0,1,0,42,10366,60,6,2,1.0,1
673,1.0,0,0,24,2080,6,6,1,1.0,1
674,1.0,1,0,41,2580,21,1,4,1.0,0
675,2.0,0,0,26,4530,30,3,4,2.0,1
676,1.0,1,0,33,5150,24,4,4,1.0,1
677,1.0,0,0,24,5595,72,3,2,1.0,0
678,1.0,1,0,64,2384,24,3,4,2.0,1
679,2.0,0,0,26,1453,18,3,3,1.0,1
680,2.0,0,0,56,1538,6,2,1,1.0,1
681,1.0,1,0,37,2279,12,3,4,3.0,1
682,1.0,0,0,33,1478,15,3,4,1.0,1
683,1.0,0,0,47,5103,24,3,3,3.0,1
684,1.0,1,0,31,9857,36,1,1,1.0,1
685,1.0,1,0,34,6527,60,6,4,3.0,1
686,1.0,1,0,27,1347,10,3,4,1.0,1
687,1.0,1,0,30,2862,36,6,4,3.0,1
688,1.0,1,0,35,2753,9,3,3,1.0,1
689,1.0,1,0,31,3651,12,6,1,1.0,1
690,1.0,0,0,25,975,15,4,2,1.0,1
691,2.0,0,0,25,2631,15,8,3,1.0,1
692,1.0,1,0,29,2896,24,3,2,1.0,1
693,1.0,1,0,44,4716,6,6,1,1.0,1
694,1.0,1,0,28,2284,24,3,4,1.0,1
695,1.0,1,0,50,1236,6,10,2,2.0,1
696,1.0,1,0,29,1103,12,3,4,1.0,1
697,2.0,0,1,38,926,12,6,1,1.0,1
698,1.0,1,0,24,1800,18,3,4,1.0,1
699,1.0,1,0,40,1905,15,2,4,2.0,1
700,2.0,0,0,29,1123,12,4,4,2.0,0
701,1.0,1,0,46,6331,48,10,4,3.0,0
702,2.0,0,0,47,1377,24,3,4,3.0,1
703,1.0,1,0,41,2503,30,1,4,1.0,1
704,2.0,0,0,32,2528,27,1,4,1.0,1
705,2.0,0,0,35,5324,15,6,1,3.0,1
706,1.0,1,0,24,6560,48,6,3,1.0,0
707,2.0,0,0,25,2969,12,4,4,2.0,0
708,2.0,0,0,25,1206,9,3,4,1.0,1
709,1.0,1,0,37,2118,9,3,2,1.0,1
710,1.0,1,0,32,629,18,3,4,1.0,1
711,2.0,0,0,35,1198,6,2,4,3.0,0
712,1.0,1,0,46,2476,21,10,4,1.0,1
713,1.0,1,0,25,1138,9,3,4,1.0,1
714,1.0,1,0,27,14027,60,6,4,1.0,0
715,1.0,1,0,63,7596,30,10,1,1.0,1
716,1.0,1,0,40,3077,30,3,3,1.0,1
717,1.0,1,0,32,1505,18,3,4,3.0,1
718,1.0,1,0,31,3148,24,3,3,1.0,1
719,1.0,0,0,31,6148,20,10,3,1.0,1
720,1.0,1,0,34,1337,9,3,4,1.0,0
721,2.0,0,0,24,433,6,2,4,2.0,0
722,2.0,0,0,24,1228,12,6,4,1.0,0
723,2.0,0,0,66,790,9,3,4,1.0,1
724,2.0,0,0,21,2570,27,6,3,2.0,0
725,2.0,0,0,41,250,6,6,2,1.0,1
726,1.0,0,0,47,1316,15,3,2,1.0,1
727,2.0,0,0,25,1882,18,3,4,2.0,0
728,2.0,0,0,59,6416,48,1,4,2.0,0
729,1.0,0,0,36,1275,24,1,2,1.0,1
730,1.0,1,0,33,6403,24,3,1,1.0,1
731,1.0,1,0,21,1987,24,3,2,2.0,0
732,2.0,0,0,44,760,8,3,4,1.0,1
733,2.0,0,0,28,2603,24,10,2,2.0,1
734,2.0,0,0,37,3380,4,6,1,1.0,1
735,2.0,0,0,29,3990,36,5,3,1.0,1
736,2.0,0,0,23,11560,24,10,1,2.0,0
737,1.0,1,0,35,4380,18,6,3,1.0,1
738,1.0,1,0,45,6761,6,6,1,1.0,1
739,2.0,0,0,26,4280,30,1,4,2.0,0
740,1.0,1,0,32,2325,24,6,2,1.0,1
741,1.0,1,0,23,1048,10,3,4,1.0,1
742,1.0,1,0,41,3160,21,3,4,1.0,1
743,1.0,1,0,22,2483,24,4,4,1.0,1
744,1.0,1,0,30,14179,39,4,4,1.0,1
745,1.0,1,0,28,1797,13,1,3,1.0,1
746,2.0,0,1,23,2511,15,6,1,2.0,1
747,2.0,0,0,37,1274,12,6,3,1.0,0
748,1.0,1,0,26,5248,21,10,1,1.0,1
749,1.0,1,0,33,3029,15,10,2,1.0,1
750,2.0,0,0,49,428,6,4,2,1.0,1
751,2.0,0,0,23,976,18,6,1,1.0,0
752,2.0,0,0,23,841,12,1,2,2.0,1
753,2.0,0,0,25,5771,30,3,4,1.0,1
754,1.0,1,0,55,1555,12,8,4,3.0,0
755,2.0,0,0,32,1285,24,6,4,2.0,0
756,1.0,1,0,74,1299,6,6,1,1.0,1
757,1.0,1,0,39,1271,15,3,3,3.0,0
758,1.0,1,0,31,1393,24,6,2,1.0,1
759,1.0,1,0,35,691,12,6,4,1.0,0
760,2.0,0,0,59,5045,15,6,1,1.0,1
761,2.0,0,0,24,2124,18,4,4,2.0,0
762,1.0,1,0,24,2214,12,3,4,1.0,1
763,1.0,1,0,30,12680,21,6,4,3.0,0
764,1.0,0,0,27,2463,24,6,4,1.0,1
765,1.0,0,0,40,1155,12,3,3,1.0,1
766,1.0,0,0,31,3108,30,4,2,1.0,0
767,2.0,0,0,31,2901,10,10,1,2.0,1
768,1.0,1,0,28,3617,12,4,1,2.0,1
769,1.0,1,0,63,1655,12,3,2,1.0,1
770,2.0,0,0,26,2812,24,10,2,2.0,1
771,2.0,0,0,25,8065,36,2,3,1.0,0
772,1.0,1,0,36,3275,21,10,1,1.0,1
773,1.0,1,0,52,2223,24,3,4,1.0,1
774,1.0,1,1,66,1480,12,6,2,3.0,1
775,2.0,0,0,25,1371,24,6,4,2.0,0
776,1.0,1,0,37,3535,36,6,4,1.0,1
777,2.0,0,0,25,3509,18,3,4,1.0,1
778,1.0,1,0,38,5711,36,10,4,1.0,1
779,2.0,0,1,67,3872,18,8,2,1.0,1
780,1.0,1,0,25,4933,39,3,2,1.0,0
781,1.0,1,0,60,1940,24,6,4,1.0,1
782,1.0,1,0,31,1410,12,9,2,1.0,1
783,2.0,0,0,23,836,12,6,4,1.0,0
784,1.0,0,1,60,6468,20,10,1,1.0,1
785,1.0,1,0,35,1941,18,1,4,1.0,1
786,1.0,1,0,40,2675,22,3,3,1.0,1
787,1.0,1,0,38,2751,48,10,4,1.0,1
788,1.0,1,0,50,6224,48,2,4,3.0,0
789,1.0,1,0,27,5998,40,2,4,1.0,0
790,2.0,0,0,39,1188,21,1,2,1.0,0
791,1.0,1,0,41,6313,24,10,3,1.0,1
792,1.0,0,0,27,1221,6,4,1,1.0,1
793,1.0,0,0,51,2892,24,4,3,3.0,1
794,1.0,1,0,32,3062,24,4,4,2.0,1
795,2.0,0,0,22,2301,9,4,2,2.0,1
796,1.0,1,0,51,7511,18,10,1,3.0,0
797,2.0,0,0,22,1258,12,4,2,2.0,1
798,1.0,0,0,54,717,24,6,4,1.0,1
799,1.0,1,0,35,1549,9,6,4,1.0,1
800,1.0,1,0,54,1597,24,2,4,3.0,1
801,2.0,0,0,48,1795,18,3,3,2.0,1
802,2.0,0,0,24,4272,20,4,1,1.0,1
803,1.0,1,0,35,976,12,3,4,1.0,1
804,2.0,0,1,24,7472,12,6,1,2.0,1
805,1.0,1,0,24,9271,36,6,2,1.0,0
806,1.0,0,0,26,590,6,3,3,1.0,1
807,1.0,1,0,65,930,12,3,4,1.0,1
808,1.0,1,1,55,9283,42,10,1,3.0,1
809,2.0,0,0,26,1778,15,6,2,2.0,0
810,1.0,0,0,26,907,8,1,3,1.0,1
811,1.0,0,0,28,484,6,3,3,1.0,1
812,1.0,1,0,24,9629,36,10,4,1.0,0
813,1.0,1,0,54,3051,48,5,3,1.0,0
814,1.0,1,0,46,3931,48,6,4,3.0,0
815,2.0,0,0,54,7432,36,6,2,2.0,1
816,1.0,0,0,62,1338,6,5,1,1.0,1
817,2.0,0,0,24,1554,6,3,1,2.0,1
818,1.0,0,1,43,15857,36,7,2,1.0,1
819,1.0,0,0,26,1345,18,3,4,1.0,0
820,1.0,0,0,27,1101,12,6,3,1.0,1
821,1.0,0,0,24,3016,12,3,3,1.0,1
822,1.0,1,0,41,2712,36,4,2,1.0,0
823,1.0,1,0,47,731,8,6,4,1.0,1
824,1.0,0,0,35,3780,18,4,3,1.0,1
825,1.0,0,0,30,1602,21,6,4,1.0,1
826,2.0,0,0,33,3966,18,6,1,2.0,0
827,1.0,1,0,36,4165,18,1,2,1.0,0
828,1.0,1,0,47,8335,36,10,3,3.0,0
829,1.0,1,0,38,6681,48,1,4,3.0,1
830,1.0,1,0,44,2375,24,1,4,1.0,1
831,2.0,0,0,23,1216,18,6,4,2.0,0
832,1.0,1,0,29,11816,45,1,2,2.0,0
833,2.0,0,0,42,5084,24,3,2,1.0,1
834,2.0,0,0,25,2327,15,3,2,1.0,0
835,1.0,1,0,48,1082,12,6,4,1.0,0
836,2.0,0,0,21,886,12,3,4,1.0,1
837,2.0,0,0,23,601,4,4,1,2.0,1
838,1.0,1,0,63,2957,24,10,4,1.0,1
839,1.0,0,0,46,2611,24,3,4,1.0,1
840,1.0,1,0,29,5179,36,4,4,1.0,0
841,1.0,1,0,28,2993,21,10,3,1.0,1
842,2.0,0,0,23,1943,18,8,4,1.0,0
843,1.0,1,0,50,1559,24,1,4,1.0,1
844,1.0,1,0,47,3422,18,4,4,1.0,1
845,1.0,1,0,35,3976,21,4,2,1.0,1
846,1.0,1,0,68,6761,18,6,2,2.0,0
847,1.0,0,0,28,1249,24,6,4,1.0,1
848,1.0,1,0,59,1364,9,3,3,1.0,1
849,1.0,1,0,57,709,12,3,4,1.0,0
850,1.0,0,0,33,2235,20,6,4,2.0,0
851,1.0,1,0,43,4042,24,10,3,1.0,1
852,1.0,1,0,35,1471,15,3,4,3.0,1
853,1.0,1,0,32,1442,18,6,4,3.0,0
854,1.0,1,0,45,10875,36,6,2,1.0,1
855,1.0,0,0,33,1474,24,6,4,1.0,1
856,2.0,0,0,40,894,10,9,4,1.0,1
857,1.0,1,0,28,3343,15,4,4,3.0,1
858,2.0,0,0,29,3959,15,6,3,1.0,0
859,1.0,1,0,26,3577,9,6,1,2.0,1
860,1.0,1,0,27,5804,24,10,4,1.0,1
861,1.0,0,0,28,2169,18,1,4,1.0,0
862,2.0,0,0,35,2439,24,3,4,1.0,0
863,1.0,1,0,32,4526,27,4,4,1.0,1
864,1.0,1,0,25,2210,10,4,2,2.0,0
865,2.0,0,0,20,2221,15,4,2,2.0,1
866,2.0,0,0,27,2389,18,3,4,1.0,1
867,1.0,1,0,42,3331,12,4,2,1.0,1
868,1.0,1,0,37,7409,36,1,3,1.0,1
869,2.0,0,0,24,652,12,4,4,2.0,1
870,2.0,0,0,40,7678,36,4,2,1.0,1
871,1.0,1,0,46,1343,6,6,1,1.0,1
872,1.0,1,0,26,1382,24,1,4,1.0,1
873,2.0,0,0,24,874,15,5,4,1.0,1
874,1.0,1,0,29,3590,12,4,2,1.0,1
875,2.0,0,0,40,1322,11,6,4,1.0,1
876,1.0,1,0,36,1940,18,3,3,3.0,1
877,1.0,1,0,28,3595,36,3,4,1.0,1
878,1.0,1,0,27,1422,9,6,3,3.0,0
879,1.0,1,0,36,6742,30,3,2,1.0,1
880,1.0,1,0,38,7814,24,10,3,1.0,1
881,1.0,0,0,48,9277,24,10,2,3.0,1
882,1.0,1,0,36,2181,30,6,4,1.0,1
883,2.0,0,1,65,1098,18,3,4,1.0,1
884,1.0,0,0,43,4057,24,4,3,1.0,0
885,2.0,0,0,53,795,12,2,4,1.0,0
886,1.0,1,0,34,2825,24,1,4,1.0,1
887,1.0,1,0,23,15672,48,1,2,1.0,0
888,1.0,1,0,34,6614,36,6,4,1.0,1
889,1.0,1,0,40,7824,28,10,3,2.0,1
890,1.0,1,0,43,2442,27,1,4,1.0,1
891,1.0,1,0,46,1829,15,3,4,1.0,1
892,1.0,1,0,38,2171,12,6,4,1.0,1
893,1.0,1,0,34,5800,36,10,3,1.0,1
894,1.0,1,0,29,1169,18,3,4,1.0,1
895,1.0,1,0,31,8947,36,10,3,1.0,1
896,2.0,0,0,28,2606,21,3,4,2.0,1
897,2.0,0,0,35,1592,12,4,3,1.0,1
898,2.0,0,0,33,2186,15,4,1,2.0,1
899,1.0,1,0,42,4153,18,4,2,1.0,0
900,1.0,1,0,43,2625,16,6,2,2.0,0
901,1.0,0,0,44,3485,20,6,2,1.0,1
902,1.0,1,0,42,10477,36,10,2,3.0,1
903,1.0,0,0,40,1386,15,3,4,2.0,1
904,1.0,1,0,36,1278,24,3,4,1.0,1
905,1.0,1,0,20,1107,12,3,2,2.0,1
906,1.0,1,0,24,3763,21,6,2,1.0,1
907,1.0,0,0,27,3711,36,2,2,1.0,1
908,2.0,0,0,46,3594,15,10,1,1.0,1
909,2.0,0,0,33,3195,9,6,1,1.0,1
910,2.0,0,0,34,4454,36,3,4,1.0,1
911,2.0,0,0,25,4736,24,4,2,1.0,0
912,2.0,0,0,25,2991,30,3,2,1.0,1
913,1.0,0,0,28,2142,11,1,1,1.0,1
914,1.0,1,0,31,3161,24,1,4,2.0,0
915,2.0,0,0,32,18424,48,7,1,1.0,0
916,1.0,1,0,32,2848,10,10,1,1.0,1
917,1.0,1,0,68,14896,6,6,1,1.0,0
918,1.0,0,1,33,2359,24,4,1,1.0,0
919,1.0,1,0,39,3345,24,4,4,2.0,0
920,2.0,0,0,28,1817,18,4,4,1.0,1
921,1.0,1,0,37,12749,48,3,4,1.0,1
922,2.0,0,0,22,1366,9,3,3,2.0,0
923,1.0,1,0,30,2002,12,6,3,2.0,1
924,1.0,0,0,55,6872,24,4,2,1.0,0
925,1.0,1,0,46,697,12,6,4,1.0,0
926,2.0,0,0,21,1049,18,4,4,2.0,1
927,1.0,1,0,39,10297,48,10,4,3.0,0
928,1.0,1,0,58,1867,30,3,4,1.0,1
929,1.0,1,0,43,1344,12,6,4,1.0,1
930,1.0,1,0,24,1747,24,4,4,1.0,1
931,2.0,0,0,22,1670,9,3,4,1.0,0
932,1.0,1,0,30,1224,9,6,3,1.0,1
933,1.0,1,0,42,522,12,3,4,1.0,1
934,2.0,0,0,23,1498,12,3,4,1.0,1
935,1.0,1,0,30,1919,30,3,4,1.0,0
936,2.0,0,0,28,745,9,3,3,1.0,0
937,1.0,0,0,30,2063,6,3,4,2.0,1
938,1.0,1,0,42,6288,60,2,4,3.0,0
939,1.0,1,0,46,6842,24,10,2,1.0,1
940,1.0,1,0,45,3527,12,6,2,1.0,1
941,1.0,1,0,31,1546,10,6,3,1.0,1
942,1.0,1,0,31,929,24,4,4,1.0,1
943,1.0,1,0,42,1455,4,6,2,1.0,1
944,2.0,0,0,46,1845,15,4,4,2.0,1
945,2.0,0,0,30,8358,48,6,1,1.0,1
946,1.0,1,0,30,3349,24,4,4,3.0,0
947,1.0,1,1,38,2859,12,6,4,1.0,1
948,1.0,0,0,43,1533,18,4,4,1.0,0
949,1.0,1,0,31,3621,24,3,2,1.0,0
950,1.0,0,1,40,3590,18,1,3,1.0,1
951,1.0,1,0,24,2145,36,1,2,1.0,0
952,2.0,0,0,28,4113,24,10,3,2.0,0
953,2.0,0,1,26,10974,36,4,4,1.0,0
954,2.0,0,0,29,1893,12,6,4,1.0,1
955,2.0,0,0,57,1231,24,3,4,2.0,1
956,1.0,1,0,49,3656,30,3,4,1.0,1
957,1.0,1,0,37,1154,9,3,2,1.0,1
958,1.0,1,0,45,4006,28,6,3,1.0,0
959,1.0,1,0,30,3069,24,4,4,3.0,1
960,1.0,0,0,30,1740,6,3,2,2.0,1
961,1.0,0,0,47,2353,21,6,1,1.0,1
962,1.0,1,0,29,3556,15,6,3,1.0,1
963,1.0,1,0,35,2397,24,3,3,1.0,0
964,1.0,0,0,22,454,6,8,3,1.0,1
965,2.0,0,0,26,1715,30,3,4,1.0,1
966,1.0,1,0,23,2520,27,3,4,1.0,0
967,2.0,0,0,54,3568,15,3,4,2.0,1
968,1.0,0,0,29,7166,42,3,2,2.0,1
969,1.0,1,0,40,3939,11,6,1,1.0,1
970,1.0,1,0,22,1514,15,8,4,1.0,1
971,1.0,1,0,43,7393,24,6,1,1.0,1
972,2.0,0,1,29,1193,24,6,1,2.0,0
973,1.0,1,0,36,7297,60,1,4,2.0,0
974,2.0,0,0,33,2831,30,3,4,1.0,1
975,2.0,0,0,57,1258,24,3,3,1.0,1
976,2.0,0,0,64,753,6,3,2,1.0,1
977,1.0,1,0,42,2427,18,1,4,1.0,1
978,1.0,1,0,47,2538,24,6,4,1.0,0
979,1.0,0,0,25,1264,15,6,2,2.0,0
980,1.0,1,0,49,8386,30,4,2,1.0,0
981,1.0,1,1,33,4844,48,1,3,2.0,0
982,2.0,0,0,28,2923,21,6,1,1.0,1
983,1.0,1,0,26,8229,36,10,2,1.0,0
984,1.0,1,0,30,2028,24,4,2,1.0,1
985,2.0,0,0,25,1433,15,4,4,2.0,1
986,1.0,0,0,33,6289,42,1,2,1.0,1
987,2.0,0,1,64,1409,13,3,2,1.0,1
988,1.0,1,1,29,6579,24,10,4,3.0,1
989,1.0,1,0,48,1743,24,3,4,1.0,1
990,1.0,1,0,37,3565,12,2,2,1.0,1
991,1.0,1,0,34,1569,15,3,4,1.0,1
992,1.0,0,0,23,1936,18,3,2,2.0,1
993,1.0,1,1,30,3959,36,4,4,1.0,1
994,1.0,1,0,50,2390,12,6,4,1.0,1
995,2.0,0,0,31,1736,12,4,3,1.0,1
996,1.0,0,0,40,3857,30,10,4,1.0,1
997,1.0,1,0,38,804,12,3,4,1.0,1
998,1.0,1,0,23,1845,45,3,4,3.0,0
999,1.0,1,1,27,4576,45,10,3,1.0,1
