id,seed,creation_mode,error_val,dem_fpr_val,dem_ppv_val,num_leaves,actual_depth,actual_leaves,error_tst,dem_fpr_tst,dem_ppv_tst,num_leaves_tst,criterion,max_depth,min_samples_split,max_leaf_nodes,class_weight
IU7IM75NFN,100,mutation,0.28202126236178127,0.10093167701863356,0.06399613899613904,12,5,12,0.3506309086488887,0.11449864498644988,0.06937058032844368,12,0,5,24,12,2
PMEOSRSL5K,100,mutation,0.30682352999976337,0.12008281573498966,0.0686049985064224,11,6,11,0.3429612962062383,0.11665072533078272,0.0849983886561392,11,1,6,25,11,2
MM3Q1X82U8,100,crossover,0.4059333829605516,0.0,0.14404761904761906,149,13,149,0.4218149054753365,0.0004383867368085437,0.23930217248189598,149,1,13,15,149,3
Q20144YPCL,100,mutation,0.8050203151284808,0.0005175983436853005,1,13,4,13,0.7591690375541613,0.0103618683245656,1,13,0,4,18,101,6
PJUYGE6X08,100,mutation,0.6769895401485263,0.020186335403726708,1,23,9,23,0.6693401762426165,0.01912960306073649,0.3571428571428572,23,0,13,20,23,6
FSYQNF1JLC,100,crossover,0.7548404821133976,0.007763975155279504,0.0,46,8,46,0.8034635196693922,0.0033078271959190164,1,46,0,8,22,198,8
7AGQY0T4PF,100,crossover,0.4080618857731536,0.05383022774327122,0.006172839506172867,8,3,8,0.46945796448748556,0.03291885860035071,0.15266106442577027,8,0,3,20,62,3
CXHD34H1T5,100,crossover,0.48507867389223414,0.018115942028985504,0.06037383177570091,334,18,334,0.5503800753673855,0.01897018970189704,0.15971316818774445,334,1,18,5,334,
7NZPLFBA6Q,100,crossover,0.6329998983432598,0.0025879917184265,0.462962962962963,36,8,36,0.6914968999332392,0.013151602104256335,0.37065637065637064,36,1,13,33,36,6
PE0VRK8H01,100,crossover,0.7257199227210933,0.0,1,23,6,23,0.7402745710828544,0.002231787023752591,0.41904761904761906,23,1,6,24,23,5
PVJ13I7HQD,100,crossover,0.47413977096710147,0.018633540372670815,0.06823266219239374,310,17,310,0.47827582339268826,0.026940857643870553,0.15891472868217058,310,1,17,6,310,3
6VJ9AYU0IB,100,crossover,0.33172608230908285,0.11128364389233955,0.018926056338028185,21,5,21,0.36524500734642507,0.06412402359317712,0.13690476190476192,21,0,5,23,21,3
GXQCWJOURU,100,crossover,0.3030397046024146,0.11853002070393376,0.04194809811589051,16,4,16,0.3649395636727004,0.12111429937828788,0.06719367588932806,16,1,4,26,43,2
Z7LZCHCASH,100,mutation,0.59617932669608,0.0056935817805383,0.3492063492063492,40,11,40,0.6365031198892112,0.01753546947234178,0.41830065359477125,40,1,11,35,40,6
X8EJTG2DZI,100,crossover,0.6239581985175064,0.010869565217391304,0.39583333333333337,38,8,38,0.6634672821888183,0.008847441415590622,0.42020202020202013,38,1,9,26,38,6
M31R7Z2LK5,100,crossover,0.5655720602969031,0.04140786749482401,0.031620553359683834,200,14,200,0.5593784662902045,0.0019926669854933854,0.2961309523809524,200,1,14,12,200,6
9BWV2PQK7G,100,crossover,0.4644463339366206,0.0020703933747411862,0.08877192982456142,274,17,274,0.4760882910453882,0.022078750199266695,0.15078644888082274,274,1,17,7,274,3
0RL18RJJ4S,100,mutation,0.4681209419917858,0.010869565217391297,0.07885968159940765,291,17,291,0.4880168462655592,0.025824964131994255,0.1497835497835498,291,1,17,7,291,3
0KI2OVWTSZ,100,crossover,0.3742236715602171,0.0605590062111801,0.08265734265734265,102,10,102,0.3906531792994532,0.027857484457197518,0.18055555555555558,102,1,10,14,102,3
OF0S0JONJH,100,mutation,0.5640121703957958,0.04244306418219461,0.018181818181818188,172,14,172,0.568564494610252,0.00685477443009723,0.31393298059964725,172,1,14,12,172,6
ZR0IUCEBIM,100,crossover,0.4208495697045507,0.039337474120082844,0.07271557271557272,260,16,260,0.4492693543558568,0.04280248684839791,0.13229695431472083,260,1,16,7,260,3
2QY8BIBHH1,100,crossover,0.6332466211285617,0.0046583850931677,0.44047619047619047,37,8,37,0.6919808266626368,0.009365534831818907,0.3888888888888889,37,1,12,28,37,6
P21K1ZIFKZ,100,crossover,0.31607686294750226,0.09316770186335402,0.0775552131484335,32,6,32,0.35528032495751494,0.08628248047186354,0.07929724596391263,32,1,6,23,32,2
OXMHUNGHXP,100,crossover,0.41768893012429364,0.023291925465838498,0.09248085402645626,193,13,193,0.4524295293274553,0.014347202295552364,0.16817063166529939,193,1,13,7,193,3
UDRRCZLA3A,100,crossover,0.6617496490132306,0.013975155279503111,0.05614035087719299,186,13,186,0.6717702551244803,0.005778734257930816,0.3661616161616162,186,1,13,11,187,7
A0EGDKCQ5O,100,crossover,0.7415402619348499,0.0036231884057971,0.23863636363636365,64,8,64,0.7319922585555498,0.0033476805356288837,1,64,1,8,20,66,7
2XRSO2THQH,100,mutation,0.4450146579886738,0.009834368530020704,0.09499726626571897,157,11,157,0.4430474291451333,0.012633508688028067,0.16427364864864863,157,1,11,11,171,3
79GOVKY3XN,100,crossover,0.47458941639266217,0.015010351966873697,0.07051576721522479,305,17,305,0.47827582339268826,0.026940857643870553,0.15891472868217058,305,1,17,6,305,3
0VDIU0NWE8,100,mutation,0.386363217304283,0.04606625258799171,0.05588386433710174,122,9,122,0.4211144107881243,0.00454328072692492,0.1689521800281294,122,1,9,9,148,3
9OY1SJQTBY,100,crossover,0.5397724129782123,0.04399585921325051,0.03715170278637775,150,14,150,0.553793800299567,0.011756735214410965,0.3169129720853859,150,1,14,12,150,6
U0HQL9WQKV,100,crossover,0.31381595384834815,0.09057971014492755,0.07854406130268199,35,6,35,0.35361652948118616,0.09277857484457197,0.06993507208099481,35,1,6,20,35,2
R7NBON77JE,100,mutation,0.6397207129876152,0.02432712215320912,0.11180124223602486,111,10,111,0.6155220729379883,0.006775067750677502,0.36875,111,1,10,14,111,6
O96CMVIJB5,100,mutation,0.3844404199130712,0.07919254658385093,0.054232804232804244,9,5,9,0.41788932489631747,0.05260640841702534,0.11923688394276627,9,1,7,25,9,3
RH885SAMC0,100,mutation,0.60519622873933,0.009316770186335404,0.3088235294117647,55,8,55,0.6638220874722953,0.007771401243424198,0.4166666666666667,55,1,8,26,55,6
WB6F3L8V1K,100,crossover,0.4635269278244829,0.002070393374741214,0.09210526315789475,278,17,278,0.4847059499355014,0.04435676709708272,0.13654147104851333,278,1,17,8,278,3
7GI0SPP04I,100,mutation,0.6883195607430748,0.016045548654244308,0.05833333333333329,114,12,114,0.7919713946378654,0.005499760879961742,1,114,0,12,20,152,8
V86PM5E1B1,100,crossover,0.4409520839780795,0.0372670807453416,0.06027890238416553,284,17,284,0.4436816852037514,0.03630639247568945,0.14427710843373495,284,1,17,6,284,3
FHGC1C6WP9,100,crossover,0.4235475576786454,0.031055900621117988,0.07096774193548389,239,15,239,0.43271086623408783,0.02805675115574685,0.14622314622314625,239,1,15,8,239,3
44BAYVDP1I,100,mutation,0.6558542879708846,0.0020703933747412,0.3888888888888889,57,12,57,0.6500949348597889,0.016459429300175354,0.4,57,1,12,31,57,6
9FTS2UJTZ7,100,crossover,0.6893700539210365,0.0036231884057971,0.33653846153846156,58,9,58,0.7071753904503031,0.011517615176151758,0.35714285714285715,58,1,9,24,58,7
6H3QXH81JT,100,mutation,0.4263108236704959,0.03209109730848861,0.09610678531701894,184,12,184,0.4497029152541111,0.014905149051490513,0.20139362266151634,184,0,12,10,184,3
JNBZDWJW6U,100,crossover,0.7702142377228878,0.0015527950310559,1,19,5,19,0.7914342685040476,0.0016738402678144419,0.3214285714285714,19,1,5,26,19,5
4MS659V0D3,100,crossover,0.47130723802116614,0.0082815734989648,0.07894736842105263,299,17,299,0.47021299125718974,0.034592698868165156,0.14534798534798532,299,1,17,6,299,3
LMXBZEI7CI,100,crossover,0.4494176403685365,0.0005175983436852827,0.10273972602739728,248,16,248,0.46921433436949755,0.03403475211222701,0.13176908752327746,248,1,16,8,248,3
U2JBKIF473,100,mutation,0.5790823713335378,0.011904761904761904,0.23846153846153845,46,9,46,0.5889205059675648,0.025705404112864656,0.2595307917888563,46,1,13,16,46,5
49PKV36ZDY,100,crossover,0.28993030190421565,0.10455486542443065,0.05156482861400896,14,5,14,0.3502137103460691,0.11286465805834531,0.0708920187793427,14,0,5,25,14,2
54Z0OVNEHL,100,crossover,0.6663299129361808,0.0036231884057971,0.375,41,11,41,0.6561659929267044,0.01861150964450821,0.3856382978723404,41,1,11,33,41,6
V9KA606WNC,100,crossover,0.47887557290294536,0.003105590062111807,0.07394894894894893,265,17,265,0.45338387352113396,0.0198469631755141,0.14640972333280025,265,1,17,10,268,3
MK855RB288,100,mutation,0.6231967226081199,0.0046583850931677,0.4540229885057472,39,12,39,0.6843742695840465,0.009365534831818907,0.40170940170940167,39,1,13,36,39,6
T1XBGVF4U1,100,crossover,0.33348924169655414,0.07712215320910973,0.07298858672678599,35,8,35,0.35733130801192037,0.06260959668420214,0.13967181467181472,35,0,8,27,35,3
9W4E7K4E8J,100,crossover,0.7864104566812403,0.0005175983436853005,1,20,6,20,0.8442247428739024,0.00051809341622828,1,20,1,6,25,20,6
LE3BNAPON1,100,crossover,0.42796112493126104,0.03830227743271222,0.08070508943229929,235,14,235,0.4313669663014188,0.020484616610872003,0.15594187856772185,235,1,14,9,239,3
H9GFSRLQPD,100,mutation,0.5863126864718153,0.035196687370600416,0.039215686274509776,165,16,165,0.6002909986674656,0.007372867846325522,0.23735002608242045,165,1,16,12,165,6
DHCILNQEVE,100,crossover,0.340619526604213,0.10714285714285715,0.001392434439545176,23,5,23,0.3809260708340205,0.06193208990913439,0.14025711396793294,23,0,5,18,23,3
TQPQ5KOON6,100,crossover,0.6506047223950038,0.03053830227743272,0.009929078014184411,161,13,161,0.6386159333906447,0.003586800573888091,0.39473684210526316,161,1,13,16,168,7
4F8VIY4EOJ,100,mutation,0.46902936119967953,0.015010351966873697,0.07561643835616438,301,17,301,0.47827582339268826,0.026940857643870553,0.17455019132133845,301,1,17,6,301,3
USAHI1MNHF,100,crossover,0.47324163157820576,0.0025879917184264967,0.09962721342031686,266,17,266,0.47827582339268826,0.018252829587119407,0.15211045364891518,266,1,17,7,266,3
EBOG5N6HFG,100,mutation,0.3531700368745787,0.07556935817805384,0.04610389610389609,70,7,70,0.3782251108084863,0.05882352941176472,0.1447126102549191,70,1,7,11,71,3
T7MREGRZ18,100,mutation,0.6455037915890341,0.021221532091097308,0.29047619047619044,28,10,28,0.6231507395419495,0.02566555077315479,0.3805031446540881,28,0,11,15,28,6
R9AM8HQHZA,100,crossover,0.739795071697497,0.0,1,22,6,22,0.780152415537891,0.0016738402678144419,0.35,22,1,6,22,22,5
ZWD7TGQ5L6,100,crossover,0.34278134795475856,0.08488612836438922,0.05792682926829268,33,7,33,0.3776335912069455,0.05220787501992667,0.1578313253012048,33,0,7,26,33,3
C83S3AAQA2,100,crossover,0.37929076975932674,0.054865424430641824,0.06648351648351647,96,9,96,0.38956473516788237,0.018611509644508195,0.1951219512195122,96,1,9,14,96,3
RCS9YJUSH2,100,crossover,0.4338994055540011,0.0062111801242235865,0.08536585365853658,254,17,254,0.437857600360934,0.028176311174876456,0.1444501629782124,254,1,17,9,254,3
0R5HK7OWGQ,100,crossover,0.6493834838669033,0.02587991718426501,0.0874125874125874,117,11,117,0.6149017801005925,0.014905149051490513,0.35110294117647056,117,1,11,20,134,6
T7Q7GABXQG,100,crossover,0.35972598117875854,0.06677018633540374,0.08791408809610485,75,8,75,0.391204256929072,0.0365056591742388,0.21273816004354926,75,1,8,21,75,3
JZ92YC9TAD,100,crossover,0.6667823471606356,0.0020703933747412,0.3716475095785441,50,10,50,0.6568898547971362,0.016459429300175354,0.38979591836734695,50,1,10,28,50,6
WCXWU4WP9M,100,inicialization,0.7862692404388254,0.0015527950310559005,1,16,7,16,0.8792752054464802,0.0021919336840427227,1,16,1,14,4,16,7
IV3BDILCHL,100,crossover,0.3120228092212418,0.08954451345755693,0.08889770023790639,47,7,47,0.33872170881362584,0.07396779850151444,0.10625337342894592,47,0,7,18,47,2
QT3SNTFR3N,100,crossover,0.5899143356081344,0.026397515527950312,0.06818181818181818,43,11,43,0.5825884929989678,0.012115415271799775,0.3554376657824933,43,0,14,8,43,5
9H7GM2RN2Q,100,crossover,0.5643237015749845,0.04451345755693581,0.01343283582089555,180,14,180,0.5688008328944288,0.008488761358201813,0.3083623693379791,180,1,14,12,180,6
QT5IPLJXT2,100,mutation,0.3732280045368691,0.06987577639751553,0.06440071556350624,84,8,84,0.3967427202134445,0.029969711461820495,0.2,84,1,8,15,101,3
JJGZGX3ZAU,100,crossover,0.3327502574974298,0.10973084886128363,0.009324009324009286,23,6,23,0.3670886214424799,0.06360593017694882,0.14283936792335444,23,0,7,26,23,3
RSTOD4X0LY,100,crossover,0.5450474019664552,0.04865424430641822,0.014871794871794852,229,14,229,0.6073320605289421,0.004543280726924906,0.2522007042253521,229,1,14,9,229,7
A1FTJGK281,100,mutation,0.3717374626092014,0.07298136645962733,0.04255319148936171,87,8,87,0.3838002388467603,0.029531324725011965,0.20181503889369057,87,1,8,11,87,3
6YVZT6LG2X,100,mutation,0.7001443588230067,0.017598343685300204,1,16,7,16,0.7068698873838548,0.012593655348318189,0.3484848484848485,16,0,13,14,16,6
STQWLE3KVC,100,crossover,0.32902257630022647,0.07867494824016563,0.11115007012622721,62,7,62,0.35145077590886165,0.07340985174557627,0.0939175670268107,62,0,7,16,62,2
NQ4RHZ777T,100,crossover,0.4722211414909433,0.0124223602484472,0.0758714969241285,287,17,287,0.47087980965706167,0.02917264466762315,0.14985014985014983,287,1,17,6,287,3
1N4FBVSS4J,100,crossover,0.7244395152674099,0.0025879917184265006,1,21,5,21,0.7406769344986128,0.011477761836441893,1,21,0,5,19,120,7
SNWGDJED1E,100,mutation,0.6259963804729096,0.02743271221532091,0.2833333333333333,33,10,33,0.6124305362172403,0.017017376056113503,0.4435736677115987,33,0,10,19,33,6
AOYDIC8XJW,100,mutation,0.3036316030492251,0.10351966873706003,0.059853142076502774,28,5,28,0.34752938107893905,0.09780009564801528,0.07883522727272729,28,1,5,24,39,2
HM21WSVH04,100,crossover,0.434708343337711,0.0082815734989648,0.10708661417322834,208,13,208,0.4599181344727721,0.0009166268133269373,0.19638110815784093,208,1,13,9,208,3
GBH6P087OQ,100,mutation,0.7692969256432942,0.0005175983436853005,1,21,6,21,0.7913270091853114,3.985333970986729e-05,1,21,1,6,24,21,6
5WIRZR4LMR,100,crossover,0.32779458400532013,0.08592132505175983,0.07311320754716977,36,7,36,0.37842907567771866,0.0812609596684202,0.10753375977256574,36,1,7,23,36,2
USRH7MF7H5,100,mutation,0.33739381369404076,0.06573498964803312,0.09527381845461363,50,8,50,0.34901718678037896,0.054638928742228615,0.14121298331824644,50,0,8,19,50,3
CXYD95UBOO,100,crossover,0.5277357504455421,0.009316770186335407,0.09435173299101413,227,15,227,0.5403991535936279,0.0038657739518571654,0.22626262626262625,227,1,15,11,227,5
M559SNVISB,100,mutation,0.5655720602969031,0.012939958592132497,0.06746031746031744,211,17,211,0.5826897638189886,0.009644508209787989,0.27204630575417094,211,1,17,11,211,6
TU48ZKJBET,100,crossover,0.5528516276244513,0.01604554865424431,0.15350877192982454,62,10,62,0.5535932531697978,0.015502949147138526,0.4770149253731343,62,0,10,19,62,5
3R9G7Y072U,100,crossover,0.36754128753635995,0.06780538302277432,0.04999999999999999,86,8,86,0.3999080153053812,0.028335724533715925,0.19936708860759494,86,1,8,14,89,3
3VAXXLGFH3,100,mutation,0.728298839008279,0.0005175983436853035,0.26,55,14,55,0.6772855734878926,0.0003985333970986764,0.3724696356275303,55,1,14,12,55,7
96I2EW616E,100,mutation,0.7115644895309798,0.008799171842650102,1,14,6,14,0.7148321492256042,0.009325681492109036,0.3666666666666667,14,0,12,19,14,6
IWXRZZ1QK4,100,crossover,0.5810702718968541,0.023809523809523808,0.05645161290322581,221,16,221,0.5704588418743144,0.0025506137414315344,0.2452161587526577,221,1,16,12,221,6
W4C9FPEZEX,100,mutation,0.4940537031942165,0.016563146997929608,0.27058823529411763,51,11,51,0.48601517213839607,0.0019528136457835077,0.2717171717171717,51,0,12,25,51,4
CYYAIYPFX8,100,crossover,0.5611152094260297,0.012939958592132511,0.07702464788732394,178,15,178,0.5514873789192324,0.0006775067750677544,0.30067155067155066,178,1,15,12,178,5
FOHE0LEXH2,100,crossover,0.3628437572119355,0.06418219461697722,0.08293758480325644,85,10,85,0.37796125554976456,0.04495456719273075,0.17067757009345794,85,0,10,16,85,3
US0HJND1PO,100,crossover,0.5712815666231288,0.018115942028985504,0.21162790697674422,40,8,40,0.578551715010591,0.0235533237685318,0.2995337995337995,40,1,9,27,40,5
F15SIQY71M,100,mutation,0.3253154904995783,0.09420289855072463,0.06808943089430891,31,6,31,0.37679523636307477,0.08345289335246295,0.08221024258760107,31,1,6,19,31,2
O0FRZ97WCZ,100,mutation,0.32334321420910017,0.08126293995859213,0.08302005012531327,46,7,46,0.35278623566361345,0.08951060098836283,0.09707476846622992,46,1,7,20,46,2
6PMOZRK81X,100,crossover,0.7538578748969738,0.006728778467908902,1,18,6,18,0.7314362252992326,0.009843774908337316,1,18,0,12,13,18,7
46UM5H3E3J,100,crossover,0.4861834152867702,0.009834368530020704,0.09346896653398201,205,17,205,0.49020191724626516,0.013430575482225426,0.23133903133903133,205,1,17,12,205,4
ZA6SAR71PE,100,mutation,0.4908139493474286,0.0020703933747411862,0.23221544715447157,119,11,119,0.4953585560055116,0.01797385620915032,0.3040244135037192,119,0,11,14,119,4
LY8YKDUBD1,100,crossover,0.49692434364955507,0.021739130434782608,0.1284507042253521,108,9,108,0.5227770678618284,0.0023912003825920514,0.3969526864474739,108,0,9,14,121,5
AJJ239PS32,100,mutation,0.4580432445457404,0.0041407867494824,0.09761904761904763,219,17,219,0.4540893405744957,0.005141080822572919,0.1769691780821918,219,1,17,15,287,3
L3DF4VFH94,100,crossover,0.42873524445006195,0.017598343685300222,0.08434851694915255,215,13,215,0.4651546754942415,0.003387533875338772,0.1865079365079365,215,1,13,8,215,3
GVX2VJWYI3,100,mutation,0.3205620401946979,0.08799171842650103,0.10767113863089095,20,7,20,0.34906301934376305,0.09652478877729956,0.10991906644080557,20,0,7,20,20,2
LSK5GUOL61,100,crossover,0.4154737464634032,0.035714285714285726,0.08874458874458874,189,13,189,0.4405353708310805,0.028455284552845544,0.2227514710002802,189,0,13,14,189,3
J2H3Y0FSW5,100,crossover,0.515624444915461,0.016563146997929604,0.29590017825311943,45,9,45,0.5734968053893935,0.026821297624740954,0.22899159663865543,45,1,10,21,45,5
AKGGHXPU5I,100,mutation,0.49972098422520617,0.008281573498964807,0.34210526315789475,51,7,51,0.5308900495666453,0.03993304638928742,0.16148325358851678,51,0,7,19,51,4
PH2XL48B4I,100,crossover,0.390037352947029,0.051242236024844734,0.04339010543390104,113,9,113,0.42830581530028444,0.008887294755300507,0.17016274864376132,113,1,9,10,113,3
AZ4GOZGVAE,100,crossover,0.426784360008991,0.039855072463768126,0.05901863232855331,253,15,253,0.4427573415260081,0.03016897816036984,0.14595238095238092,253,1,15,8,253,3
D5DZ69TQEX,100,crossover,0.6359716079935984,0.010351966873706004,0.2571428571428571,78,10,78,0.625334240599373,0.013231308783676066,0.4318488529014845,78,1,10,22,78,6
PEVSTAT2O7,100,crossover,0.44634822501489146,0.0010351966873705931,0.12367213114754097,232,15,232,0.4823519307174675,0.016140602582496416,0.24264543242645434,232,1,15,10,232,4
FO2EE4ASOV,100,crossover,0.6332466211285617,0.0046583850931677,0.44047619047619047,37,8,37,0.6919808266626368,0.009365534831818907,0.3888888888888889,37,1,11,28,37,6
8Y7Y5E02IN,100,crossover,0.3385635977418039,0.0745341614906832,0.08191018342820999,82,9,82,0.3609042712640377,0.06364578351665867,0.06544665012406947,82,1,9,16,82,2
UM8PXZDHRM,100,crossover,0.5207595344400999,0.030538302277432705,0.12,72,11,72,0.5127951777506683,0.005659174238801204,0.3540706605222735,72,0,11,13,72,5
1JWW15VBJE,100,crossover,0.37722022347237727,0.05020703933747411,0.0787878787878788,119,11,119,0.3939302400387523,0.02084329666826082,0.18912448700410395,119,1,11,13,119,3
YDFL2MKC3E,100,crossover,0.28321292913774265,0.09937888198757763,0.06734578381437467,17,7,17,0.3510483751602792,0.11613263191455445,0.06786171574903971,17,1,7,23,17,2
K8D946C1ZP,100,crossover,0.4537364315734156,0.028985507246376815,0.1994633273703041,54,8,54,0.46245601878808806,0.0011956001912960257,0.3183915622940013,54,0,8,16,54,4
QYNRW2VGDS,100,crossover,0.48834108178844104,0.010869565217391311,0.23577235772357727,72,9,72,0.48786632795886364,0.0055396142196716125,0.2761345676224881,72,0,9,17,72,4
2Q2LPBK66R,100,crossover,0.34617975250797384,0.05693581780538301,0.12032426172553559,46,7,46,0.3607875734216086,0.0425633668101387,0.17523521505376344,46,0,7,23,46,3
JNNYJSFF4L,100,mutation,0.3620944165665466,0.04917184265010352,0.09200438116100765,90,10,90,0.3775656823813579,0.047664594293001766,0.1679876966757364,90,0,10,13,90,3
5UOQSCN6LY,100,crossover,0.4150093657323626,0.0031055900621117793,0.1514271891630382,131,11,131,0.4356505153127971,0.007691694564004467,0.2132274505155861,131,1,11,19,131,3
U6FZAZR2GS,100,crossover,0.41182881068797783,0.0,0.1805309734513274,138,12,138,0.45223886001495994,0.0053802008608321295,0.27255639097744355,138,1,12,21,219,3
0QCP656LDR,100,crossover,0.4771318875953935,0.008799171842650097,0.26102564102564096,67,10,67,0.4769336858378155,0.0012354535310059034,0.2840822543792841,67,0,10,19,67,4
YGGWJMQYNH,100,crossover,0.7140684845843148,0.02432712215320911,0.12037037037037035,21,6,21,0.6906920378817405,0.009325681492109036,0.2767857142857143,21,0,9,20,21,5
M00VH909IT,100,crossover,0.5412498729290747,0.008799171842650111,0.07865557865557865,225,15,225,0.5537380837232495,0.009684361549497852,0.24006444683136413,225,1,15,10,225,5
KX8QTX68IW,100,crossover,0.4517516159445274,0.0005175983436852827,0.10174496644295303,243,16,243,0.4675027064446542,0.030806631595727718,0.13745271122320304,243,1,16,8,243,3
1AH1GBE7Y9,100,crossover,0.5072664920779952,0.010351966873706007,0.32648026315789475,56,7,56,0.5355506651368931,0.03829905946118285,0.16095471236230113,56,0,7,20,56,4
5L7LXTVGGC,100,mutation,0.7023662904489835,0.006211180124223604,0.28174603174603174,60,10,60,0.6574337549729707,0.012673362027737927,0.39666666666666667,60,1,10,15,60,6
PL5WI486YE,100,crossover,0.4162657644908101,0.03416149068322982,0.10374891020052313,162,11,162,0.4201359974052675,0.0008767734736170874,0.18690052069060015,162,0,11,9,162,3
MKRTU82LCT,100,crossover,0.3506482730686826,0.07091097308488614,0.07003823427181088,64,7,64,0.37788931444682916,0.055515702215845675,0.15950986770765563,64,1,7,15,105,3
3D9FOZI7JQ,100,mutation,0.42652123599238345,0.018115942028985504,0.18895348837209303,78,10,78,0.4140791439569189,0.027737924438067912,0.2385974524037803,78,1,10,20,78,3
8Y8UKEBELZ,100,crossover,0.2928754398482659,0.09782608695652176,0.06365330848089473,38,6,38,0.3439420956618927,0.09066634783994898,0.07903981264637006,38,0,6,15,38,2
Z89IU0WNP2,100,crossover,0.3481362647450509,0.08333333333333333,0.06253698954428882,37,6,37,0.38655006118799085,0.05001594133588394,0.16796066252587988,37,0,6,19,37,3
DTVAG1B5RA,100,crossover,0.3652396695869794,0.05279503105590064,0.07893912498694788,147,13,147,0.39829436138371865,0.01606089590307666,0.17879041248606464,147,1,13,9,147,3
LC5NBE90Z4,100,crossover,0.2976133462007585,0.12008281573498966,0.04196057153192262,13,4,13,0.35609838973060803,0.12111429937828788,0.07492897727272729,13,0,4,24,13,2
K24E9PXZRZ,100,crossover,0.4107183919674239,0.04451345755693582,0.18169761273209548,42,7,42,0.4403976236455114,0.04499442053244063,0.23484848484848486,42,1,7,17,42,3
JYS2DU2A6C,100,crossover,0.311431000775655,0.08747412008281574,0.09063371861299319,45,7,45,0.33872170881362584,0.07396779850151444,0.10625337342894592,45,0,7,20,45,2
QHE08O9NH1,100,crossover,0.30067712055426077,0.09886128364389232,0.07801990852838309,18,7,18,0.33859388851839767,0.1096763908815559,0.10939112487100106,18,0,7,26,18,2
0OZSZT18WO,100,crossover,0.5094656354262768,0.0020703933747412,0.31862745098039214,60,10,60,0.5911036307696691,0.015981189223656947,0.32352941176470584,60,1,11,17,60,5
QGUTMEQN8F,100,crossover,0.6275323361186389,0.005693581780538304,0.20676691729323307,99,11,99,0.6326115581923346,0.008369201339072214,0.3560371517027864,99,1,11,17,99,6
N1559379E7,100,mutation,0.4387526015675157,0.033643892339544505,0.1979539641943734,67,10,67,0.4850100109282355,0.02156065678303841,0.269431643625192,67,1,10,19,67,4
A66M7MNMOB,100,crossover,0.4309225195010692,0.0010351966873706209,0.14066711590296493,129,10,129,0.4358267643753988,0.0015941335883947055,0.19614439125371974,129,1,10,14,135,3
XUI0OT4F6V,100,crossover,0.34617975250797384,0.06262939958592134,0.11368963900609472,50,8,50,0.3661347642302615,0.03766140602582496,0.20615194782302132,50,0,8,27,50,3
EKG0TY0QS6,100,crossover,0.6567907406237847,0.010351966873706004,0.22424242424242424,82,11,82,0.6445608517052128,0.013231308783676066,0.4045584045584045,82,1,11,20,82,6
DRAK8JM92D,100,crossover,0.6130309518806503,0.023809523809523808,0.04453441295546562,149,14,149,0.6526909807399155,0.004104893990116376,0.30594405594405594,149,1,14,12,149,7
UCVWI0T8TG,100,crossover,0.3551633542896253,0.06884057971014493,0.06825396825396823,67,7,67,0.37788931444682916,0.055515702215845675,0.15950986770765563,67,1,7,13,71,3
CLPSFKYBZM,100,mutation,0.4033656030982089,0.054865424430641824,0.16875,36,6,36,0.45886036678787523,0.035668739040331576,0.2540150770239266,36,1,6,20,36,4
O2H6H2RXAO,100,mutation,0.4577093102519738,0.02122153209109731,0.2130450194966324,71,8,71,0.4719757798295645,0.005340347521122266,0.29160371249730194,71,0,8,20,71,4
Z8JZBASSBF,100,crossover,0.6464697231075665,0.006728778467908904,0.25935828877005346,87,11,87,0.644749764367133,0.010521281683405069,0.41005291005291,87,1,11,18,87,6
MOAXE70ADN,100,crossover,0.6199675476538684,0.0005175983436852966,0.22868217054263565,111,15,111,0.6464545207369187,0.01219512195121951,0.3126177024482109,111,1,15,12,111,5
05X1VJJHM0,100,crossover,0.5352924660001606,0.01708074534161491,0.07294041028980786,222,15,222,0.5537380837232495,0.005340347521122266,0.24821570182394925,222,1,15,12,222,5
V7RWHY43B3,100,mutation,0.6135771328841505,0.02795031055900621,0.03313840155945419,150,14,150,0.6462646976471277,0.0024709070620118,0.30808080808080807,150,1,14,12,150,7
O08TGI8K7Q,100,mutation,0.6780811636149207,0.007763975155279504,0.20634920634920634,72,11,72,0.6506496063817941,0.012673362027737927,0.4068627450980392,72,1,11,14,72,6
LIKHN15XQV,100,crossover,0.6676890635429342,0.010351966873706004,0.20625,71,11,71,0.6441833272777173,0.014307348955842503,0.40723270440251574,71,1,11,17,71,6
IV7DQDIXYT,100,crossover,0.40293590596155715,0.05848861283643893,0.11315789473684212,22,6,22,0.45302920844313843,0.03570859238004145,0.21027542372881358,22,0,6,25,22,4
2RFZ7ZMK5K,100,crossover,0.5478414054523579,0.028467908902691512,0.11636363636363634,40,11,40,0.5615335779538214,0.022995377012593653,0.391711229946524,40,0,11,16,40,5
PCIA6LUQB1,100,crossover,0.3402992946282273,0.05952380952380951,0.09735023041474655,52,8,52,0.3465926613930278,0.04917902120197673,0.14759602471125438,52,0,8,18,52,3
SZ0M8FTP14,100,crossover,0.5572139345648561,0.013975155279503111,0.14583333333333331,44,10,44,0.5617661244682144,0.007253307827195923,0.40625,44,0,10,20,44,5
3JA0V9GEZN,100,mutation,0.3685120612666206,0.06366459627329193,0.06189213085764811,128,11,128,0.39755105580245653,0.021480950103618668,0.1730549199084668,128,1,11,9,128,3
R8FWF15CM0,100,crossover,0.42570631767043754,0.006728778467908897,0.17897435897435898,116,10,116,0.4295771191502379,0.0049418141240236,0.22516723463334598,116,1,10,19,177,3
LXNPQWSBM9,100,mutation,0.5142249171357568,0.019668737060041408,0.14262295081967213,68,13,68,0.5421063528735468,0.015423242467718798,0.3341503267973856,68,0,13,14,68,5
BS7IQ9ZF8P,100,crossover,0.33666564146682965,0.07246376811594205,0.08363636363636362,36,7,36,0.35039357033422436,0.06101546309580742,0.12536669542709233,36,0,7,17,36,3
78AO1GFHEI,100,crossover,0.5252188590279647,0.0005175983436852966,0.3047058823529412,90,11,90,0.6097710154264769,0.02578511079228439,0.25831202046035806,90,1,11,10,90,5
311XWSMUNK,100,mutation,0.4480219920974222,0.0,0.10416666666666666,245,16,245,0.4651546754942415,0.03240076518412241,0.1373556797020484,245,1,16,8,245,3
786CEW9LS4,100,crossover,0.3824421756016887,0.04658385093167702,0.09068627450980393,98,9,98,0.4179918407558899,0.011557468515861646,0.20800159235668791,98,1,9,18,98,3
AIJAHQW73B,100,mutation,0.3958192769408112,0.03778467908902691,0.1216346153846154,144,11,144,0.41465652313971546,0.00908656145384984,0.22290671360321848,144,0,11,18,144,3
RD8F8P8GKB,100,crossover,0.6277889449426787,0.007763975155279504,0.19597069597069597,104,10,104,0.6333974167217533,0.00621712099473936,0.35236396074933096,104,1,10,17,128,6
RAWDCDR20N,100,crossover,0.4412310028794213,0.022256728778467905,0.07594681708299761,216,15,216,0.4362632177665071,0.024748923959827834,0.1588792182012521,216,1,15,12,216,3
OMKGAEKCWY,100,crossover,0.44279913883213695,0.005175983436853021,0.10143678160919542,145,11,145,0.44271718744943567,0.0066555077315479105,0.18941326530612246,145,1,11,12,145,3
4Y3GN7N601,100,mutation,0.3493717337262445,0.05227743271221533,0.12586206896551722,52,8,52,0.3587294132032376,0.03877729953770126,0.1839136041263701,52,0,8,24,52,3
UIC8N8EQFL,100,mutation,0.35716285257836833,0.07142857142857144,0.0672396359959555,68,7,68,0.38120726176066033,0.05718954248366015,0.1599206349206349,68,1,7,12,70,3
8T3C0X2N24,100,crossover,0.3935347175703252,0.06314699792960662,0.08636363636363636,27,7,27,0.42906303223726927,0.03570859238004145,0.20916481892091648,27,1,8,10,27,4
FN9798ZZWP,100,crossover,0.5125198396473237,0.03778467908902692,0.15262515262515258,59,11,59,0.5440652651589823,0.02415112386417982,0.24966261808367068,59,1,11,29,59,5
OWBWH23XT6,100,mutation,0.42004262078377774,0.008799171842650111,0.10106532099803756,177,13,177,0.4551059051518973,0.012394388649768856,0.23915343915343917,177,1,13,14,177,3
IP2RQO7HLY,100,crossover,0.6218246108902103,0.0031055900621118,0.21884498480243164,113,12,113,0.6530634301974662,0.005180934162282803,0.3535353535353535,113,1,12,11,113,5
1DNXYXZVEB,100,mutation,0.3179470176696464,0.08178053830227744,0.09836065573770492,51,7,51,0.34358596041620126,0.08261597321855571,0.08951130319148937,51,0,7,18,51,2
S1TBYAOFX1,100,crossover,0.3919861203785655,0.013975155279503104,0.16070979108985656,83,8,83,0.3812072617606602,0.01976725649609437,0.20314419061655611,83,0,8,14,83,3
WDQD8Q31JL,100,mutation,0.4228152443082207,0.007763975155279518,0.13796296296296298,134,11,134,0.43844171813091837,0.011477761836441905,0.20455393803658084,134,1,11,16,162,3
QDE430G2K8,100,mutation,0.33971260604389464,0.09523809523809523,0.028930338789493693,28,7,28,0.37690695183652534,0.053283915192093106,0.1544836116264688,28,0,7,26,28,3
EUM9EB3H8Q,100,crossover,0.45930663534098404,0.001035196687370607,0.24444444444444444,92,8,92,0.476772100397871,0.004264307348955845,0.2873999157184998,92,0,8,14,117,4
2Y9P789N0V,100,crossover,0.39777840410968435,0.03674948240165632,0.08526897938662642,141,11,141,0.4390574693321818,0.01175673521441098,0.1700418994413408,141,0,11,14,141,3
PBRNAJW6QZ,100,crossover,0.30439025715500034,0.10559006211180125,0.048239895697522794,25,6,25,0.36407102697275506,0.10796269727403157,0.061983972802331255,25,1,6,22,25,2
7OFJS1WNGO,100,crossover,0.5051888995551383,0.020703933747412015,0.3,34,7,34,0.5260286767160988,0.031245018332536262,0.2085385878489327,34,0,7,18,34,4
OHKFBFM28N,100,crossover,0.5374835227608554,0.01811594202898551,0.16666666666666669,74,10,74,0.549645225750143,0.011677028534991231,0.454059829059829,74,0,10,18,74,5
PQ1W9TIL7J,100,crossover,0.3104822465508549,0.09575569358178054,0.07562163547808254,18,5,18,0.3586945203479316,0.09971305595408896,0.06998847926267282,18,0,5,21,18,2
BF03M6P1SD,100,crossover,0.42010331979571114,0.0010351966873705931,0.1286549707602339,135,11,135,0.4254859590639758,0.016937669376693776,0.20919540229885059,135,1,11,13,135,3
K3TIZ93TM8,100,mutation,0.6503601334412794,0.02846790890269152,0.01594202898550723,169,13,169,0.6388086201900588,0.0062968276741590945,0.4,169,1,13,15,181,7
XIXJN6BO5L,100,crossover,0.5048434816419054,0.012939958592132504,0.3291666666666667,47,7,47,0.5303815291458658,0.03666507253307827,0.17258261933904528,47,0,7,18,47,4
CAB7X3JCGS,100,crossover,0.41274434600424115,0.006211180124223614,0.12997658079625293,166,13,166,0.4372475800417054,0.007771401243424209,0.2254032258064516,166,1,13,9,166,3
CJIMKK0ZIP,100,crossover,0.4083932967031112,0.050724637681159424,0.1731182795698925,24,6,24,0.4693127099918104,0.03407460545193688,0.2536231884057971,24,0,6,22,24,4
O9D8IVD0A0,100,crossover,0.522599356991188,0.012422360248447204,0.31060606060606066,53,10,53,0.5953147274587449,0.026263350868802805,0.2579365079365079,53,1,13,16,53,5
EAETEG9KEI,100,crossover,0.5404284754457757,0.04813664596273291,0.02706766917293235,162,15,162,0.5542844064948729,0.015024709070620104,0.30658105939004815,162,1,15,12,162,6
LYVQAO056X,100,crossover,0.437946790099517,0.03519668737060041,0.1915584415584416,43,8,43,0.4645228438214749,0.017774589510601,0.2474442988204456,43,0,8,25,43,4
0SK87U5CX1,100,mutation,0.43561644297089064,0.018115942028985504,0.07790697674418606,202,13,202,0.4586306907734542,0.0031085604973696834,0.18541097330250156,202,1,13,10,206,3
341Q7OAF53,100,mutation,0.391382657123554,0.04037267080745341,0.06923076923076926,105,9,105,0.4191934767938025,0.008807588075880751,0.17953020134228187,105,1,9,15,191,3
091WQDZKBN,100,crossover,0.7011522797964445,0.010869565217391304,0.2733333333333333,25,7,25,0.676270213580445,0.0028295871194006054,0.286096256684492,25,1,7,25,25,5
T47P3G3JEK,100,crossover,0.5003043298110137,0.0,0.2285012285012285,123,9,123,0.47647757298946214,0.006057707635899898,0.28623853211009176,123,0,9,12,155,4
KGXNHJP0NT,100,mutation,0.5310053854619017,0.0005175983436852966,0.31111111111111106,73,11,73,0.6138701730557318,0.011079228439343218,0.375,73,1,11,13,73,5
FMOQX2KPYB,100,crossover,0.3325242014071612,0.09989648033126293,0.01517530088958663,27,6,27,0.36007617742835074,0.05930176948828311,0.13379073756432247,27,0,6,22,27,3
SYAU37HX5G,100,mutation,0.4130784009244809,0.06728778467908902,0.006105006105006139,16,4,16,0.4353730346020931,0.03622668579626973,0.19436850738108252,16,1,4,23,82,3
